stock_1,name_1,industry_1,stock_2,name_2,industry_2,partial,glasso_cv_partial,glasso_1se_partial,abs_partial,abs_glasso_cv,abs_glasso_1se,in_partial_network,in_glasso_cv,in_glasso_1se,main_edge_type,sign_same_partial_1se,abs_shrinkage_partial_to_1se,same_industry
000001,平安银行,银行,600036,招商银行,银行,0.4857991994186942,0.4638481801930362,0.3934889799654335,0.4857991994186942,0.4638481801930362,0.3934889799654335,True,True,True,Common,True,0.09231021945326068,True
000001,平安银行,银行,601398,工商银行,银行,0.0936527535203694,0.0793732896445613,0.0627891824765439,0.0936527535203694,0.0793732896445613,0.0627891824765439,False,True,True,GLasso-1SE-only,,0.030863571043825505,True
000001,平安银行,银行,601288,农业银行,银行,0.0292755970699821,0.0289470987284893,0.0119895858881251,0.0292755970699821,0.0289470987284893,0.0119895858881251,False,True,True,GLasso-1SE-only,,0.017286011181857,True
000001,平安银行,银行,600519,贵州茅台,食品饮料,-0.139334776221196,-0.0,0.0,0.139334776221196,0.0,0.0,False,False,False,Neither,,0.139334776221196,False
000001,平安银行,银行,000858,五粮液,食品饮料,0.1323545153127578,0.0685372772571296,0.069855532352943,0.1323545153127578,0.0685372772571296,0.069855532352943,False,True,True,GLasso-1SE-only,,0.06249898295981479,False
000001,平安银行,银行,000568,泸州老窖,食品饮料,0.0178909781759854,0.0,0.0131243680681849,0.0178909781759854,0.0,0.0131243680681849,False,False,True,GLasso-1SE-only,,0.004766610107800502,False
000001,平安银行,银行,600887,伊利股份,食品饮料,0.0868660093794139,0.0675285632264388,0.0663728686382652,0.0868660093794139,0.0675285632264388,0.0663728686382652,False,True,True,GLasso-1SE-only,,0.02049314074114869,False
000001,平安银行,银行,002460,赣锋锂业,新能源,0.0693285296387243,0.0400571838206285,0.0,0.0693285296387243,0.0400571838206285,0.0,False,True,False,Neither,,0.0693285296387243,False
000001,平安银行,银行,002415,海康威视,电子,0.008406827097383,0.0069719546176093,0.0,0.008406827097383,0.0069719546176093,0.0,False,True,False,Neither,,0.008406827097383,False
000001,平安银行,银行,000725,京东方A,电子,0.0461881940481366,0.0295633802382112,0.0,0.0461881940481366,0.0295633802382112,0.0,False,True,False,Neither,,0.0461881940481366,False
000001,平安银行,银行,603501,韦尔股份,电子,0.0050176225202357,0.0,0.0,0.0050176225202357,0.0,0.0,False,False,False,Neither,,0.0050176225202357,False
000001,平安银行,银行,002475,立讯精密,电子,-0.0163006346998772,0.0,0.0,0.0163006346998772,0.0,0.0,False,False,False,Neither,,0.0163006346998772,False
000001,平安银行,银行,601318,中国平安,非银金融,0.3068538321021976,0.2994696071754109,0.265847234663409,0.3068538321021976,0.2994696071754109,0.265847234663409,True,True,True,Common,True,0.041006597438788595,False
000001,平安银行,银行,600030,中信证券,非银金融,0.0006533578157411,0.0014134708278922,0.0125730250246158,0.0006533578157411,0.0014134708278922,0.0125730250246158,False,True,True,GLasso-1SE-only,,-0.0119196672088747,False
600036,招商银行,银行,601398,工商银行,银行,0.193962146618405,0.191020621799566,0.1487281506662537,0.193962146618405,0.191020621799566,0.1487281506662537,False,True,True,GLasso-1SE-only,,0.0452339959521513,True
600036,招商银行,银行,601288,农业银行,银行,-0.0112885775197259,0.0026754642318631,0.0295835964574941,0.0112885775197259,0.0026754642318631,0.0295835964574941,False,True,True,GLasso-1SE-only,,-0.0182950189377682,True
600036,招商银行,银行,600519,贵州茅台,食品饮料,0.1036356104864553,0.0666174878915222,0.0639817906832881,0.1036356104864553,0.0666174878915222,0.0639817906832881,False,True,True,GLasso-1SE-only,,0.03965381980316719,False
600036,招商银行,银行,000858,五粮液,食品饮料,-0.0131458314388094,0.0092506289162113,0.009164273518973,0.0131458314388094,0.0092506289162113,0.009164273518973,False,True,True,GLasso-1SE-only,,0.0039815579198364,False
600036,招商银行,银行,000568,泸州老窖,食品饮料,0.0183988167521748,0.0031561739899394,0.0,0.0183988167521748,0.0031561739899394,0.0,False,True,False,Neither,,0.0183988167521748,False
600036,招商银行,银行,600887,伊利股份,食品饮料,0.0060569207697651,0.0299039984755501,0.0217219658665312,0.0060569207697651,0.0299039984755501,0.0217219658665312,False,True,True,GLasso-1SE-only,,-0.0156650450967661,False
600036,招商银行,银行,002460,赣锋锂业,新能源,-0.0269027299371955,0.0,0.0,0.0269027299371955,0.0,0.0,False,False,False,Neither,,0.0269027299371955,False
600036,招商银行,银行,002415,海康威视,电子,0.0068583669537098,0.0,0.0,0.0068583669537098,0.0,0.0,False,False,False,Neither,,0.0068583669537098,False
600036,招商银行,银行,000725,京东方A,电子,-0.0071376858854925,0.0,0.0,0.0071376858854925,0.0,0.0,False,False,False,Neither,,0.0071376858854925,False
600036,招商银行,银行,603501,韦尔股份,电子,-0.0138786277378063,0.0,0.0,0.0138786277378063,0.0,0.0,False,False,False,Neither,,0.0138786277378063,False
600036,招商银行,银行,002475,立讯精密,电子,0.0511719082116402,0.0,0.0,0.0511719082116402,0.0,0.0,False,False,False,Neither,,0.0511719082116402,False
600036,招商银行,银行,601318,中国平安,非银金融,0.1467231576121829,0.1614734438282812,0.1663857955532125,0.1467231576121829,0.1614734438282812,0.1663857955532125,False,True,True,GLasso-1SE-only,,-0.019662637941029598,False
600036,招商银行,银行,600030,中信证券,非银金融,-0.0092912745062151,0.0,0.0,0.0092912745062151,0.0,0.0,False,False,False,Neither,,0.0092912745062151,False
601398,工商银行,银行,601288,农业银行,银行,0.7812533953479511,0.756057788295845,0.6091467785694997,0.7812533953479511,0.756057788295845,0.6091467785694997,True,True,True,Common,True,0.1721066167784514,True
601398,工商银行,银行,600519,贵州茅台,食品饮料,0.0506124954911195,0.0,0.0,0.0506124954911195,0.0,0.0,False,False,False,Neither,,0.0506124954911195,False
601398,工商银行,银行,000858,五粮液,食品饮料,-0.0005041059144529,-0.0,0.0,0.0005041059144529,0.0,0.0,False,False,False,Neither,,0.0005041059144529,False
601398,工商银行,银行,000568,泸州老窖,食品饮料,-0.0892927619791599,-0.0235371237819553,0.0,0.0892927619791599,0.0235371237819553,0.0,False,True,False,Neither,,0.0892927619791599,False
601398,工商银行,银行,600887,伊利股份,食品饮料,0.0760641131369452,0.0,0.0,0.0760641131369452,0.0,0.0,False,False,False,Neither,,0.0760641131369452,False
601398,工商银行,银行,002460,赣锋锂业,新能源,-0.0899035287318193,-0.0859469340757745,-0.0,0.0899035287318193,0.0859469340757745,0.0,False,True,False,Neither,,0.0899035287318193,False
601398,工商银行,银行,002415,海康威视,电子,-9.520564754514842e-05,-0.0,-0.0,9.520564754514842e-05,0.0,0.0,False,False,False,Neither,,9.520564754514842e-05,False
601398,工商银行,银行,000725,京东方A,电子,-0.0579349697285963,-0.0133353888960988,-0.0,0.0579349697285963,0.0133353888960988,0.0,False,True,False,Neither,,0.0579349697285963,False
601398,工商银行,银行,603501,韦尔股份,电子,0.0027943883997423,-0.0250478272560068,-0.0,0.0027943883997423,0.0250478272560068,0.0,False,True,False,Neither,,0.0027943883997423,False
601398,工商银行,银行,002475,立讯精密,电子,-0.0165278518137955,-0.0077686369292211,-0.0,0.0165278518137955,0.0077686369292211,0.0,False,True,False,Neither,,0.0165278518137955,False
601398,工商银行,银行,601318,中国平安,非银金融,-0.0097133009327741,0.0,0.0,0.0097133009327741,0.0,0.0,False,False,False,Neither,,0.0097133009327741,False
601398,工商银行,银行,600030,中信证券,非银金融,-0.0446563649476015,-0.0,0.0,0.0446563649476015,0.0,0.0,False,False,False,Neither,,0.0446563649476015,False
601288,农业银行,银行,600519,贵州茅台,食品饮料,-0.0047150973799805,0.0,0.0,0.0047150973799805,0.0,0.0,False,False,False,Neither,,0.0047150973799805,False
601288,农业银行,银行,000858,五粮液,食品饮料,-0.0414660451819957,-0.0140821099123817,0.0,0.0414660451819957,0.0140821099123817,0.0,False,True,False,Neither,,0.0414660451819957,False
601288,农业银行,银行,000568,泸州老窖,食品饮料,0.0338885875922597,-0.0001494700501375,-0.0,0.0338885875922597,0.0001494700501375,0.0,False,True,False,Neither,,0.0338885875922597,False
601288,农业银行,银行,600887,伊利股份,食品饮料,-0.068803418315752,-0.0,0.0,0.068803418315752,0.0,0.0,False,False,False,Neither,,0.068803418315752,False
601288,农业银行,银行,002460,赣锋锂业,新能源,-0.0303195785401181,-0.0247109017002977,-0.0,0.0303195785401181,0.0247109017002977,0.0,False,True,False,Neither,,0.0303195785401181,False
601288,农业银行,银行,002415,海康威视,电子,-0.0230188375462845,-0.0065751522525893,-0.0,0.0230188375462845,0.0065751522525893,0.0,False,True,False,Neither,,0.0230188375462845,False
601288,农业银行,银行,000725,京东方A,电子,0.0451142683984476,-0.0,-0.0,0.0451142683984476,0.0,0.0,False,False,False,Neither,,0.0451142683984476,False
601288,农业银行,银行,603501,韦尔股份,电子,-0.0903803348973549,-0.0682152499914039,-0.0,0.0903803348973549,0.0682152499914039,0.0,False,True,False,Neither,,0.0903803348973549,False
601288,农业银行,银行,002475,立讯精密,电子,-0.0259845352189509,-0.0196115974684155,-0.0,0.0259845352189509,0.0196115974684155,0.0,False,True,False,Neither,,0.0259845352189509,False
601288,农业银行,银行,601318,中国平安,非银金融,0.0469680089443625,0.0253787962916584,0.0,0.0469680089443625,0.0253787962916584,0.0,False,True,False,Neither,,0.0469680089443625,False
601288,农业银行,银行,600030,中信证券,非银金融,0.047925436481448,0.0,0.0,0.047925436481448,0.0,0.0,False,False,False,Neither,,0.047925436481448,False
600519,贵州茅台,食品饮料,000858,五粮液,食品饮料,0.3996769422222184,0.3671971714845812,0.3125447449771941,0.3996769422222184,0.3671971714845812,0.3125447449771941,True,True,True,Common,True,0.0871321972450243,True
600519,贵州茅台,食品饮料,000568,泸州老窖,食品饮料,0.2113950042075789,0.2253747963436563,0.2434292968846772,0.2113950042075789,0.2253747963436563,0.2434292968846772,True,True,True,Common,True,-0.032034292677098314,True
600519,贵州茅台,食品饮料,600887,伊利股份,食品饮料,0.2048254770260849,0.1932744647761906,0.1702187120237568,0.2048254770260849,0.1932744647761906,0.1702187120237568,True,True,True,Common,True,0.034606765002328094,True
600519,贵州茅台,食品饮料,002460,赣锋锂业,新能源,-0.0097165395112041,0.0,0.0,0.0097165395112041,0.0,0.0,False,False,False,Neither,,0.0097165395112041,False
600519,贵州茅台,食品饮料,002415,海康威视,电子,0.0003097633663572,0.0,0.0,0.0003097633663572,0.0,0.0,False,False,False,Neither,,0.0003097633663572,False
600519,贵州茅台,食品饮料,000725,京东方A,电子,-0.0809004927918581,-0.0365643078475726,0.0,0.0809004927918581,0.0365643078475726,0.0,False,True,False,Neither,,0.0809004927918581,False
600519,贵州茅台,食品饮料,603501,韦尔股份,电子,-0.0484163490327349,-0.0,0.0,0.0484163490327349,0.0,0.0,False,False,False,Neither,,0.0484163490327349,False
600519,贵州茅台,食品饮料,002475,立讯精密,电子,0.0095572800237094,-0.0,0.0,0.0095572800237094,0.0,0.0,False,False,False,Neither,,0.0095572800237094,False
600519,贵州茅台,食品饮料,601318,中国平安,非银金融,0.1158490467622926,0.0741584419351855,0.078611731748341,0.1158490467622926,0.0741584419351855,0.078611731748341,False,True,True,GLasso-1SE-only,,0.0372373150139516,False
600519,贵州茅台,食品饮料,600030,中信证券,非银金融,0.0367520588063298,0.0017902839953492,0.0103498492810278,0.0367520588063298,0.0017902839953492,0.0103498492810278,False,True,True,GLasso-1SE-only,,0.026402209525302,False
000858,五粮液,食品饮料,000568,泸州老窖,食品饮料,0.5863163764238997,0.5605139570284464,0.4273231414013985,0.5863163764238997,0.5605139570284464,0.4273231414013985,True,True,True,Common,True,0.15899323502250118,True
000858,五粮液,食品饮料,600887,伊利股份,食品饮料,0.1000755809016634,0.117712668778115,0.1287809470495945,0.1000755809016634,0.117712668778115,0.1287809470495945,False,True,True,GLasso-1SE-only,,-0.028705366147931108,True
000858,五粮液,食品饮料,002460,赣锋锂业,新能源,0.0496386720962966,0.052571430282099,0.0403598469911016,0.0496386720962966,0.052571430282099,0.0403598469911016,False,True,True,GLasso-1SE-only,,0.009278825105194996,False
000858,五粮液,食品饮料,002415,海康威视,电子,0.0412879342820085,0.0492899562440322,0.0429722115902544,0.0412879342820085,0.0492899562440322,0.0429722115902544,False,True,True,GLasso-1SE-only,,-0.001684277308245899,False
000858,五粮液,食品饮料,000725,京东方A,电子,0.0176146530375321,0.0,0.0,0.0176146530375321,0.0,0.0,False,False,False,Neither,,0.0176146530375321,False
000858,五粮液,食品饮料,603501,韦尔股份,电子,-0.0097859782862628,0.0,0.0,0.0097859782862628,0.0,0.0,False,False,False,Neither,,0.0097859782862628,False
000858,五粮液,食品饮料,002475,立讯精密,电子,0.043274877319086,0.0,0.0,0.043274877319086,0.0,0.0,False,False,False,Neither,,0.043274877319086,False
000858,五粮液,食品饮料,601318,中国平安,非银金融,-0.0052362127727142,0.0199779859047829,0.0438152244916,0.0052362127727142,0.0199779859047829,0.0438152244916,False,True,True,GLasso-1SE-only,,-0.038579011718885795,False
000858,五粮液,食品饮料,600030,中信证券,非银金融,0.0067731786848236,0.0244247066075435,0.0409203927349286,0.0067731786848236,0.0244247066075435,0.0409203927349286,False,True,True,GLasso-1SE-only,,-0.034147214050105,False
000568,泸州老窖,食品饮料,600887,伊利股份,食品饮料,0.0587457139448922,0.0678175489600464,0.0921534005489945,0.0587457139448922,0.0678175489600464,0.0921534005489945,False,True,True,GLasso-1SE-only,,-0.0334076866041023,True
000568,泸州老窖,食品饮料,002460,赣锋锂业,新能源,-0.0023114524048085,0.0,0.0019572144808584,0.0023114524048085,0.0,0.0019572144808584,False,False,True,GLasso-1SE-only,,0.0003542379239500999,False
000568,泸州老窖,食品饮料,002415,海康威视,电子,0.024118675710948,0.0192246535126762,0.0175497709599939,0.024118675710948,0.0192246535126762,0.0175497709599939,False,True,True,GLasso-1SE-only,,0.006568904750954101,False
000568,泸州老窖,食品饮料,000725,京东方A,电子,-0.0044763003907003,0.0,0.0,0.0044763003907003,0.0,0.0,False,False,False,Neither,,0.0044763003907003,False
000568,泸州老窖,食品饮料,603501,韦尔股份,电子,0.038086199821814,0.0,0.0,0.038086199821814,0.0,0.0,False,False,False,Neither,,0.038086199821814,False
000568,泸州老窖,食品饮料,002475,立讯精密,电子,-0.0663858438474759,0.0,0.0,0.0663858438474759,0.0,0.0,False,False,False,Neither,,0.0663858438474759,False
000568,泸州老窖,食品饮料,601318,中国平安,非银金融,0.0301289295659226,0.0374646423873822,0.0461691153093369,0.0301289295659226,0.0374646423873822,0.0461691153093369,False,True,True,GLasso-1SE-only,,-0.0160401857434143,False
000568,泸州老窖,食品饮料,600030,中信证券,非银金融,0.0346891361300038,0.0444682849666842,0.0462706441296713,0.0346891361300038,0.0444682849666842,0.0462706441296713,False,True,True,GLasso-1SE-only,,-0.0115815079996675,False
600887,伊利股份,食品饮料,002460,赣锋锂业,新能源,0.0510659259490272,0.0358356196084428,0.0,0.0510659259490272,0.0358356196084428,0.0,False,True,False,Neither,,0.0510659259490272,False
600887,伊利股份,食品饮料,002415,海康威视,电子,0.0186069072888199,0.0171769300480111,0.0,0.0186069072888199,0.0171769300480111,0.0,False,True,False,Neither,,0.0186069072888199,False
600887,伊利股份,食品饮料,000725,京东方A,电子,-0.015007643782915,-0.0,0.0,0.015007643782915,0.0,0.0,False,False,False,Neither,,0.015007643782915,False
600887,伊利股份,食品饮料,603501,韦尔股份,电子,0.0303242446999742,0.0,0.0,0.0303242446999742,0.0,0.0,False,False,False,Neither,,0.0303242446999742,False
600887,伊利股份,食品饮料,002475,立讯精密,电子,-0.0021198433284461,0.0,0.0,0.0021198433284461,0.0,0.0,False,False,False,Neither,,0.0021198433284461,False
600887,伊利股份,食品饮料,601318,中国平安,非银金融,0.0445063435255463,0.0569872048779335,0.0647342375584158,0.0445063435255463,0.0569872048779335,0.0647342375584158,False,True,True,GLasso-1SE-only,,-0.020227894032869502,False
600887,伊利股份,食品饮料,600030,中信证券,非银金融,0.0681741187704102,0.0721742338327964,0.0589904952897655,0.0681741187704102,0.0721742338327964,0.0589904952897655,False,True,True,GLasso-1SE-only,,0.0091836234806447,False
002460,赣锋锂业,新能源,002415,海康威视,电子,0.0927393363252175,0.0995400332427273,0.0802273754217153,0.0927393363252175,0.0995400332427273,0.0802273754217153,False,True,True,GLasso-1SE-only,,0.012511960903502192,False
002460,赣锋锂业,新能源,000725,京东方A,电子,0.0975481083886114,0.0950848112184878,0.0479596355409915,0.0975481083886114,0.0950848112184878,0.0479596355409915,False,True,True,GLasso-1SE-only,,0.0495884728476199,False
002460,赣锋锂业,新能源,603501,韦尔股份,电子,0.0235302893634353,0.0308626717245498,0.0343799395076097,0.0235302893634353,0.0308626717245498,0.0343799395076097,False,True,True,GLasso-1SE-only,,-0.010849650144174404,False
002460,赣锋锂业,新能源,002475,立讯精密,电子,0.1221876140832421,0.1180572993649799,0.071343031330414,0.1221876140832421,0.1180572993649799,0.071343031330414,False,True,True,GLasso-1SE-only,,0.05084458275282809,False
002460,赣锋锂业,新能源,601318,中国平安,非银金融,0.0401011322829823,0.0257757200116455,0.0,0.0401011322829823,0.0257757200116455,0.0,False,True,False,Neither,,0.0401011322829823,False
002460,赣锋锂业,新能源,600030,中信证券,非银金融,0.1226273523227454,0.1265757997103346,0.1093054077355145,0.1226273523227454,0.1265757997103346,0.1093054077355145,False,True,True,GLasso-1SE-only,,0.013321944587230891,False
002415,海康威视,电子,000725,京东方A,电子,0.1625080277034417,0.1558807869724656,0.1120219745154098,0.1625080277034417,0.1558807869724656,0.1120219745154098,False,True,True,GLasso-1SE-only,,0.0504860531880319,True
002415,海康威视,电子,603501,韦尔股份,电子,0.180871973000757,0.1792583028506632,0.1435145896230533,0.180871973000757,0.1792583028506632,0.1435145896230533,False,True,True,GLasso-1SE-only,,0.037357383377703696,True
002415,海康威视,电子,002475,立讯精密,电子,0.1478212252237532,0.1434961581523161,0.1052291681161388,0.1478212252237532,0.1434961581523161,0.1052291681161388,False,True,True,GLasso-1SE-only,,0.042592057107614406,True
002415,海康威视,电子,601318,中国平安,非银金融,0.0783401534268599,0.0694382434880254,0.051259851183034,0.0783401534268599,0.0694382434880254,0.051259851183034,False,True,True,GLasso-1SE-only,,0.027080302243825904,False
002415,海康威视,电子,600030,中信证券,非银金融,0.0783148211214492,0.0885707409120813,0.1012385897166468,0.0783148211214492,0.0885707409120813,0.1012385897166468,False,True,True,GLasso-1SE-only,,-0.022923768595197597,False
000725,京东方A,电子,603501,韦尔股份,电子,0.1911457097916971,0.1876146520637696,0.1429756652929301,0.1911457097916971,0.1876146520637696,0.1429756652929301,False,True,True,GLasso-1SE-only,,0.048170044498766995,True
000725,京东方A,电子,002475,立讯精密,电子,0.1274537832181444,0.1234636312748129,0.0802973640733232,0.1274537832181444,0.1234636312748129,0.0802973640733232,False,True,True,GLasso-1SE-only,,0.0471564191448212,True
000725,京东方A,电子,601318,中国平安,非银金融,0.0413090004586301,0.0146977873233543,0.0,0.0413090004586301,0.0146977873233543,0.0,False,True,False,Neither,,0.0413090004586301,False
000725,京东方A,电子,600030,中信证券,非银金融,0.0800940307765053,0.0785029674682425,0.0518343812333643,0.0800940307765053,0.0785029674682425,0.0518343812333643,False,True,True,GLasso-1SE-only,,0.028259649543141002,False
603501,韦尔股份,电子,002475,立讯精密,电子,0.2864220299177501,0.2783472353162823,0.2184911650380752,0.2864220299177501,0.2783472353162823,0.2184911650380752,True,True,True,Common,True,0.06793086487967492,True
603501,韦尔股份,电子,601318,中国平安,非银金融,-0.0116748339455016,0.0,0.0,0.0116748339455016,0.0,0.0,False,False,False,Neither,,0.0116748339455016,False
603501,韦尔股份,电子,600030,中信证券,非银金融,0.1946791140523842,0.1760980229505473,0.1230663476601409,0.1946791140523842,0.1760980229505473,0.1230663476601409,False,True,True,GLasso-1SE-only,,0.07161276639224329,False
002475,立讯精密,电子,601318,中国平安,非银金融,-0.0225161719212177,0.0,0.0,0.0225161719212177,0.0,0.0,False,False,False,Neither,,0.0225161719212177,False
002475,立讯精密,电子,600030,中信证券,非银金融,0.0404624673918044,0.0300654113826078,0.0092950149596164,0.0404624673918044,0.0300654113826078,0.0092950149596164,False,True,True,GLasso-1SE-only,,0.031167452432188006,False
601318,中国平安,非银金融,600030,中信证券,非银金融,0.3319269735708819,0.3190695189846075,0.2598125065439329,0.3319269735708819,0.3190695189846075,0.2598125065439329,True,True,True,Common,True,0.07211446702694901,True
