日期,股票代码,开盘,收盘,最高,最低,成交量,成交额,振幅,涨跌幅,涨跌额,换手率
2023-01-03,000725,3.19,3.25,3.26,3.17,2046664,698746290.77,2.83,2.2,0.07,0.56
2023-01-04,000725,3.25,3.31,3.33,3.22,3260499,1132733354.84,3.38,1.85,0.06,0.89
2023-01-05,000725,3.33,3.32,3.34,3.28,3106138,1091322600.51,1.81,0.3,0.01,0.85
2023-01-06,000725,3.32,3.42,3.5,3.3,6677180,2416053036.55,6.02,3.01,0.1,1.83
2023-01-09,000725,3.43,3.45,3.47,3.4,4133621,1502520753.99,2.05,0.88,0.03,1.13
2023-01-10,000725,3.45,3.47,3.5,3.43,3147709,1156715917.81,2.03,0.58,0.02,0.86
2023-01-11,000725,3.48,3.48,3.57,3.47,4269132,1588240563.68,2.88,0.29,0.01,1.17
2023-01-12,000725,3.49,3.53,3.55,3.46,4605943,1708727275.48,2.59,1.44,0.05,1.26
2023-01-13,000725,3.54,3.56,3.56,3.51,3196691,1195626318.79,1.42,0.85,0.03,0.88
2023-01-16,000725,3.55,3.67,3.69,3.55,5502902,2118265090.11,3.93,3.09,0.11,1.51
2023-01-17,000725,3.66,3.7,3.74,3.66,4670212,1821051428.9,2.18,0.82,0.03,1.28
2023-01-18,000725,3.7,3.73,3.74,3.67,3306062,1295413726.99,1.89,0.81,0.03,0.91
2023-01-19,000725,3.72,3.84,3.85,3.7,5921316,2363802533.16,4.02,2.95,0.11,1.62
2023-01-20,000725,3.87,3.83,3.91,3.79,4413997,1780348388.16,3.13,-0.26,-0.01,1.21
2023-01-30,000725,3.87,3.88,3.93,3.83,5628586,2296138909.83,2.61,1.31,0.05,1.54
2023-01-31,000725,3.83,3.78,3.84,3.75,6408675,2555330322.42,2.32,-2.58,-0.1,1.76
2023-02-01,000725,3.8,3.85,3.87,3.79,4074876,1643737194.68,2.12,1.85,0.07,1.12
2023-02-02,000725,3.85,3.81,3.87,3.8,3037652,1225490201.27,1.82,-1.04,-0.04,0.83
2023-02-03,000725,3.8,3.81,3.83,3.75,3312736,1320451657.75,2.1,0.0,0.0,0.91
2023-02-06,000725,3.79,3.83,3.86,3.77,3551625,1429095908.7,2.36,0.52,0.02,0.97
2023-02-07,000725,3.84,3.82,3.87,3.81,2457504,992133573.08,1.57,-0.26,-0.01,0.67
2023-02-08,000725,3.83,3.79,3.85,3.78,2274555,912575400.46,1.83,-0.79,-0.03,0.62
2023-02-09,000725,3.79,3.89,3.9,3.78,4744640,1929848573.6,3.17,2.64,0.1,1.3
2023-02-10,000725,3.89,3.88,3.94,3.87,3059573,1254844725.64,1.8,-0.26,-0.01,0.84
2023-02-13,000725,3.89,3.86,3.89,3.84,3006868,1219528182.38,1.29,-0.52,-0.02,0.82
2023-02-14,000725,3.86,3.86,3.89,3.83,2355191,954029377.69,1.55,0.0,0.0,0.65
2023-02-15,000725,3.89,4.06,4.11,3.88,9406525,3999435781.06,5.96,5.18,0.2,2.58
2023-02-16,000725,4.09,3.98,4.12,3.96,6143062,2611751339.22,3.94,-1.97,-0.08,1.68
2023-02-17,000725,3.98,3.91,4.02,3.9,4507749,1868971689.45,3.02,-1.76,-0.07,1.24
2023-02-20,000725,3.91,3.99,4.01,3.9,3960431,1650228543.06,2.81,2.05,0.08,1.06
2023-02-21,000725,3.99,4.03,4.07,3.99,4042918,1710384804.25,2.01,1.0,0.04,1.09
2023-02-22,000725,4.0,3.98,4.03,3.94,3246841,1357037384.24,2.23,-1.24,-0.05,0.87
2023-02-23,000725,3.99,3.96,4.01,3.94,2584359,1076608179.37,1.76,-0.5,-0.02,0.69
2023-02-24,000725,3.96,3.94,3.98,3.9,2496513,1032477877.11,2.02,-0.51,-0.02,0.67
2023-02-27,000725,3.92,3.91,3.97,3.91,2075868,858492026.96,1.52,-0.76,-0.03,0.56
2023-02-28,000725,3.93,3.97,3.97,3.92,2340347,970531402.49,1.28,1.53,0.06,0.63
2023-03-01,000725,3.97,4.03,4.08,3.96,4050458,1713083507.0,3.02,1.51,0.06,1.09
2023-03-02,000725,4.03,4.03,4.07,4.02,2802789,1189334298.91,1.24,0.0,0.0,0.75
2023-03-03,000725,4.06,4.03,4.06,4.01,2290009,969386253.13,1.24,0.0,0.0,0.62
2023-03-06,000725,4.05,4.01,4.08,3.99,3220411,1359858284.35,2.23,-0.5,-0.02,0.87
2023-03-07,000725,4.09,3.92,4.17,3.91,6723844,2848648986.52,6.48,-2.24,-0.09,1.81
2023-03-08,000725,3.89,3.92,3.94,3.85,3227901,1320353792.46,2.3,0.0,0.0,0.87
2023-03-09,000725,3.92,3.93,3.96,3.9,1799751,744512012.44,1.53,0.26,0.01,0.48
2023-03-10,000725,3.91,3.87,3.93,3.86,2357856,965136808.55,1.78,-1.53,-0.06,0.63
2023-03-13,000725,3.86,3.9,3.91,3.84,2390518,975091023.07,1.81,0.78,0.03,0.64
2023-03-14,000725,3.89,3.86,3.9,3.83,2486206,1009496611.68,1.79,-1.03,-0.04,0.67
2023-03-15,000725,3.88,3.94,3.98,3.87,3236514,1342336594.6,2.85,2.07,0.08,0.87
2023-03-16,000725,3.93,3.89,3.97,3.88,2439520,1006198430.0,2.28,-1.27,-0.05,0.66
2023-03-17,000725,3.96,3.97,4.01,3.93,3766978,1574214418.6,2.06,2.06,0.08,1.01
2023-03-20,000725,4.0,4.03,4.04,3.99,3630691,1533621322.62,1.26,1.51,0.06,0.98
2023-03-21,000725,4.07,4.02,4.08,4.01,2402530,1017493769.35,1.74,-0.25,-0.01,0.65
2023-03-22,000725,4.04,4.16,4.16,4.03,7066341,3050253417.15,3.23,3.48,0.14,1.9
2023-03-23,000725,4.15,4.26,4.28,4.14,6271223,2772660282.99,3.37,2.4,0.1,1.69
2023-03-24,000725,4.28,4.29,4.3,4.24,4928012,2205989230.69,1.41,0.7,0.03,1.33
2023-03-27,000725,4.29,4.21,4.34,4.13,5664967,2505687552.26,4.9,-1.86,-0.08,1.52
2023-03-28,000725,4.21,4.13,4.22,4.11,4087733,1774214324.12,2.61,-1.9,-0.08,1.1
2023-03-29,000725,4.12,4.19,4.21,4.12,3080597,1346615455.02,2.18,1.45,0.06,0.83
2023-03-30,000725,4.19,4.23,4.25,4.12,3385933,1488955548.84,3.1,0.95,0.04,0.91
2023-03-31,000725,4.23,4.24,4.25,4.16,3063491,1351518772.68,2.13,0.24,0.01,0.82
2023-04-03,000725,4.23,4.3,4.31,4.21,4144274,1855317190.09,2.36,1.42,0.06,1.11
2023-04-04,000725,4.29,4.23,4.32,4.2,4534549,2012835005.19,2.79,-1.63,-0.07,1.22
2023-04-06,000725,4.23,4.28,4.31,4.21,4007041,1794621016.54,2.36,1.18,0.05,1.08
2023-04-07,000725,4.31,4.27,4.33,4.23,2541196,1133793621.5,2.34,-0.23,-0.01,0.68
2023-04-10,000725,4.25,4.18,4.3,4.15,3486250,1542709364.46,3.51,-2.11,-0.09,0.94
2023-04-11,000725,4.17,4.23,4.27,4.17,3037806,1341366938.01,2.39,1.2,0.05,0.81
2023-04-12,000725,4.21,4.29,4.31,4.18,4426353,1979233564.55,3.07,1.42,0.06,1.19
2023-04-13,000725,4.28,4.2,4.29,4.19,4219617,1865782348.02,2.33,-2.1,-0.09,1.13
2023-04-14,000725,4.19,4.15,4.21,4.11,3650778,1587692023.26,2.38,-1.19,-0.05,0.98
2023-04-17,000725,4.16,4.16,4.19,4.11,2578884,1122888256.11,1.93,0.24,0.01,0.69
2023-04-18,000725,4.17,4.14,4.18,4.12,2365011,1025436808.69,1.44,-0.48,-0.02,0.63
2023-04-19,000725,4.14,4.07,4.15,4.04,3255259,1398597565.14,2.66,-1.69,-0.07,0.87
2023-04-20,000725,4.07,4.15,4.18,4.06,3030742,1314861820.97,2.95,1.97,0.08,0.81
2023-04-21,000725,4.16,3.96,4.16,3.95,5358068,2259738784.17,5.06,-4.58,-0.19,1.44
2023-04-24,000725,3.95,3.88,3.97,3.85,3476641,1423050087.98,3.03,-2.02,-0.08,0.93
2023-04-25,000725,3.88,3.82,3.89,3.78,3537509,1423055981.73,2.84,-1.55,-0.06,0.95
2023-04-26,000725,3.82,3.83,3.87,3.75,2981890,1195347019.76,3.14,0.26,0.01,0.8
2023-04-27,000725,3.82,3.79,3.85,3.78,2347924,941472628.21,1.83,-1.04,-0.04,0.63
2023-04-28,000725,3.79,3.82,3.83,3.78,1787841,716077234.22,1.32,0.79,0.03,0.48
2023-05-04,000725,3.77,3.83,3.86,3.68,3854994,1532121184.08,4.71,0.26,0.01,1.03
2023-05-05,000725,3.83,3.79,3.85,3.77,2438379,975106054.55,2.09,-1.04,-0.04,0.65
2023-05-08,000725,3.82,3.8,3.83,3.77,2009043,802941150.65,1.58,0.26,0.01,0.54
2023-05-09,000725,3.82,3.85,3.93,3.78,4005216,1628539047.49,3.95,1.32,0.05,1.07
2023-05-10,000725,3.84,3.79,3.85,3.77,2880499,1152280323.01,2.08,-1.56,-0.06,0.77
2023-05-11,000725,3.8,3.79,3.82,3.77,1701305,679222117.94,1.32,0.0,0.0,0.46
2023-05-12,000725,3.78,3.72,3.79,3.71,2025434,799072822.93,2.11,-1.85,-0.07,0.54
2023-05-15,000725,3.72,3.78,3.78,3.66,2150741,844025046.11,3.23,1.61,0.06,0.58
2023-05-16,000725,3.78,3.77,3.79,3.75,1375756,545697008.47,1.06,-0.26,-0.01,0.37
2023-05-17,000725,3.77,3.72,3.79,3.71,1620551,639209402.36,2.12,-1.33,-0.05,0.43
2023-05-18,000725,3.73,3.73,3.78,3.71,1708315,674336599.5,1.88,0.27,0.01,0.46
2023-05-19,000725,3.73,3.76,3.78,3.72,1383746,547109991.4,1.61,0.8,0.03,0.37
2023-05-22,000725,3.78,3.74,3.81,3.73,1621773,643189323.85,2.13,-0.53,-0.02,0.43
2023-05-23,000725,3.74,3.72,3.84,3.72,3342052,1327073997.54,3.21,-0.53,-0.02,0.9
2023-05-24,000725,3.69,3.55,3.7,3.55,4150718,1573289592.38,4.03,-4.57,-0.17,1.11
2023-05-25,000725,3.53,3.61,3.64,3.52,3029517,1149808587.7,3.38,1.69,0.06,0.81
2023-05-26,000725,3.59,3.66,3.67,3.59,1810862,694068350.76,2.22,1.39,0.05,0.49
2023-05-29,000725,3.67,3.71,3.82,3.67,3321747,1310165900.09,4.1,1.37,0.05,0.89
2023-05-30,000725,3.7,3.74,3.75,3.65,1844964,719552012.63,2.7,0.81,0.03,0.49
2023-05-31,000725,3.73,3.77,3.8,3.72,2435925,967282629.13,2.14,0.8,0.03,0.65
2023-06-01,000725,3.79,3.76,3.79,3.74,1863107,737973955.0,1.33,-0.27,-0.01,0.5
2023-06-02,000725,3.76,3.78,3.79,3.75,1433585,569915453.26,1.06,0.53,0.02,0.38
2023-06-05,000725,3.78,3.82,3.91,3.76,3325544,1343114401.58,3.97,1.06,0.04,0.89
2023-06-06,000725,3.81,3.73,3.82,3.72,2084581,827753932.76,2.62,-2.36,-0.09,0.56
2023-06-07,000725,3.75,3.8,3.83,3.75,2013016,792075119.94,2.14,1.88,0.07,0.54
2023-06-08,000725,3.8,3.79,3.81,3.74,1840512,720869984.37,1.84,-0.26,-0.01,0.49
2023-06-09,000725,3.79,3.86,3.86,3.77,3122838,1237342687.39,2.37,1.85,0.07,0.84
2023-06-12,000725,3.84,3.82,3.88,3.82,2385712,949364767.3,1.55,-1.04,-0.04,0.64
2023-06-13,000725,3.82,3.85,3.86,3.77,3076165,1215045638.69,2.36,0.79,0.03,0.82
2023-06-14,000725,3.85,3.89,3.92,3.84,3382383,1361011753.57,2.08,1.04,0.04,0.91
2023-06-15,000725,3.89,3.89,3.9,3.85,2195039,881110028.99,1.29,0.0,0.0,0.59
2023-06-16,000725,3.89,3.9,3.91,3.86,2485286,1000693580.14,1.29,0.26,0.01,0.67
2023-06-19,000725,3.9,3.92,3.95,3.89,2381950,967311308.6,1.54,0.51,0.02,0.64
2023-06-20,000725,3.92,3.89,3.92,3.88,1864428,752795092.54,1.02,-0.77,-0.03,0.5
2023-06-21,000725,3.88,3.84,3.89,3.82,2387977,953221284.01,1.8,-1.29,-0.05,0.64
2023-06-26,000725,3.82,3.85,3.89,3.77,3733593,1489261296.37,3.13,0.26,0.01,1.0
2023-06-27,000725,3.84,3.9,3.93,3.83,3053746,1234075023.62,2.6,1.3,0.05,0.82
2023-06-28,000725,3.91,3.86,3.92,3.84,2611814,1046278255.79,2.05,-1.03,-0.04,0.7
2023-06-29,000725,3.85,3.82,3.89,3.8,2715704,1077844053.69,2.33,-1.04,-0.04,0.73
2023-06-30,000725,3.81,3.95,3.96,3.8,4794064,1940943868.94,4.19,3.4,0.13,1.29
2023-07-03,000725,3.97,4.02,4.14,3.96,5057156,2116086093.64,4.56,1.77,0.07,1.36
2023-07-04,000725,4.01,4.02,4.04,3.99,1967707,816885076.56,1.24,0.0,0.0,0.53
2023-07-05,000725,4.01,4.0,4.05,3.98,2002856,830978652.65,1.74,-0.5,-0.02,0.54
2023-07-06,000725,4.0,4.08,4.13,3.99,4686675,1978464582.91,3.5,2.0,0.08,1.26
2023-07-07,000725,4.13,4.18,4.2,4.1,5921199,2547128951.18,2.45,2.45,0.1,1.59
2023-07-10,000725,4.19,4.07,4.23,4.06,4220767,1791759755.01,4.07,-2.63,-0.11,1.13
2023-07-11,000725,4.08,4.12,4.13,4.07,2293158,973445182.37,1.47,1.23,0.05,0.61
2023-07-12,000725,4.12,4.12,4.19,4.1,3708557,1591319963.18,2.18,0.0,0.0,0.99
2023-07-13,000725,4.12,4.14,4.17,4.12,2092813,896276052.86,1.21,0.49,0.02,0.56
2023-07-14,000725,4.15,4.23,4.26,4.14,4948361,2155207465.62,2.9,2.17,0.09,1.33
2023-07-17,000725,4.21,4.23,4.29,4.19,3090138,1347662026.31,2.36,0.0,0.0,0.83
2023-07-18,000725,4.22,4.19,4.23,4.16,2109052,912661743.49,1.65,-0.95,-0.04,0.57
2023-07-19,000725,4.19,4.16,4.2,4.12,2688731,1153073942.51,1.91,-0.72,-0.03,0.72
2023-07-20,000725,4.16,4.09,4.19,4.07,2466601,1050643579.5,2.88,-1.68,-0.07,0.66
2023-07-21,000725,4.09,4.07,4.15,4.05,2551875,1078419140.34,2.44,-0.49,-0.02,0.68
2023-07-24,000725,4.05,4.04,4.1,4.03,1797853,755585839.79,1.72,-0.74,-0.03,0.48
2023-07-25,000725,4.09,4.08,4.12,4.06,2589699,1093056710.48,1.49,0.99,0.04,0.69
2023-07-26,000725,4.07,4.03,4.08,3.99,2924798,1216294956.3,2.21,-1.23,-0.05,0.78
2023-07-27,000725,4.02,3.98,4.05,3.97,2266383,939293192.4,1.99,-1.24,-0.05,0.61
2023-07-28,000725,3.97,4.06,4.06,3.96,2908693,1210803902.78,2.51,2.01,0.08,0.78
2023-07-31,000725,4.06,4.09,4.12,4.05,3494831,1474445771.17,1.72,0.74,0.03,0.94
2023-08-01,000725,4.08,4.08,4.09,4.05,1973193,831225792.08,0.98,-0.24,-0.01,0.53
2023-08-02,000725,4.06,4.03,4.08,4.02,1946579,814587196.45,1.47,-1.23,-0.05,0.52
2023-08-03,000725,4.02,4.05,4.06,3.99,1819985,758232281.16,1.74,0.5,0.02,0.49
2023-08-04,000725,4.06,4.03,4.08,4.02,2159523,903980913.73,1.48,-0.49,-0.02,0.58
2023-08-07,000725,4.02,3.99,4.04,3.97,2201772,910950315.54,1.74,-0.99,-0.04,0.59
2023-08-08,000725,3.98,3.97,4.01,3.97,1377097,568603392.07,1.0,-0.5,-0.02,0.37
2023-08-09,000725,3.98,3.92,3.98,3.92,2388847,974734112.73,1.51,-1.26,-0.05,0.64
2023-08-10,000725,3.92,3.94,3.96,3.9,1646921,670223942.09,1.53,0.51,0.02,0.44
2023-08-11,000725,3.95,3.82,3.95,3.82,3215700,1285626350.49,3.3,-3.05,-0.12,0.86
2023-08-14,000725,3.79,3.85,3.85,3.74,2565802,1014051466.31,2.88,0.79,0.03,0.69
2023-08-15,000725,3.84,3.84,3.87,3.8,2060776,819402891.83,1.82,-0.26,-0.01,0.55
2023-08-16,000725,3.82,3.79,3.84,3.78,1962571,774327432.11,1.56,-1.3,-0.05,0.53
2023-08-17,000725,3.77,3.8,3.81,3.76,1733031,680551304.51,1.32,0.26,0.01,0.46
2023-08-18,000725,3.81,3.72,3.81,3.72,2044047,796211951.17,2.37,-2.11,-0.08,0.55
2023-08-21,000725,3.72,3.67,3.74,3.67,1935341,744635785.8,1.88,-1.34,-0.05,0.52
2023-08-22,000725,3.69,3.76,3.77,3.68,2861633,1107848189.49,2.45,2.45,0.09,0.77
2023-08-23,000725,3.75,3.68,3.76,3.67,2579330,992227022.18,2.39,-2.13,-0.08,0.69
2023-08-24,000725,3.7,3.68,3.72,3.65,1906969,730069398.24,1.9,0.0,0.0,0.51
2023-08-25,000725,3.66,3.63,3.67,3.59,3002319,1130555124.15,2.17,-1.36,-0.05,0.81
2023-08-28,000725,3.8,3.68,3.82,3.67,3268353,1268304647.71,4.13,1.38,0.05,0.88
2023-08-29,000725,3.67,3.74,3.77,3.66,2950188,1140920776.54,2.99,1.63,0.06,0.79
2023-08-30,000725,3.77,3.84,3.87,3.77,4319472,1716136942.37,2.67,2.67,0.1,1.16
2023-08-31,000725,3.85,3.87,3.88,3.82,2979420,1191478741.1,1.56,0.78,0.03,0.8
2023-09-01,000725,3.87,3.86,3.89,3.84,1375216,549939335.35,1.29,-0.26,-0.01,0.37
2023-09-04,000725,3.88,3.93,3.93,3.86,2408237,975401563.69,1.81,1.81,0.07,0.65
2023-09-05,000725,3.93,3.94,3.97,3.91,2942304,1203494742.18,1.53,0.25,0.01,0.79
2023-09-06,000725,3.92,3.92,3.93,3.89,1807659,731913793.42,1.02,-0.51,-0.02,0.49
2023-09-07,000725,3.9,3.82,3.91,3.81,2666218,1062666634.14,2.55,-2.55,-0.1,0.72
2023-09-08,000725,3.82,3.83,3.84,3.78,1521489,601412957.87,1.57,0.26,0.01,0.41
2023-09-11,000725,3.84,3.79,3.85,3.78,2876789,1135316966.95,1.83,-1.04,-0.04,0.77
2023-09-12,000725,3.79,3.82,3.84,3.78,2030152,801275630.41,1.58,0.79,0.03,0.54
2023-09-13,000725,3.81,3.75,3.81,3.73,2227421,869720350.61,2.09,-1.83,-0.07,0.6
2023-09-14,000725,3.75,3.74,3.76,3.71,1824844,707278557.1,1.33,-0.27,-0.01,0.49
2023-09-15,000725,3.76,3.71,3.76,3.7,2557275,989495633.23,1.6,-0.8,-0.03,0.69
2023-09-18,000725,3.69,3.7,3.73,3.67,1962947,753987248.36,1.62,-0.27,-0.01,0.53
2023-09-19,000725,3.69,3.67,3.7,3.66,1634354,623474861.86,1.08,-0.81,-0.03,0.44
2023-09-20,000725,3.68,3.65,3.69,3.65,1705868,649381530.1,1.09,-0.54,-0.02,0.46
2023-09-21,000725,3.65,3.63,3.65,3.62,1915440,723173242.4,0.82,-0.55,-0.02,0.51
2023-09-22,000725,3.63,3.75,3.77,3.62,3051287,1173361272.73,4.13,3.31,0.12,0.82
2023-09-25,000725,3.76,3.7,3.76,3.69,1830066,703889994.66,1.87,-1.33,-0.05,0.49
2023-09-26,000725,3.7,3.68,3.71,3.67,1399883,535975572.26,1.08,-0.54,-0.02,0.38
2023-09-27,000725,3.68,3.66,3.7,3.65,2313075,881721631.97,1.36,-0.54,-0.02,0.62
2023-09-28,000725,3.67,3.72,3.74,3.66,2526689,970723650.32,2.19,1.64,0.06,0.68
2023-10-09,000725,3.71,3.78,3.8,3.69,3024470,1177878402.55,2.96,1.61,0.06,0.81
2023-10-10,000725,3.78,3.82,3.85,3.77,3123479,1236899725.12,2.12,1.06,0.04,0.84
2023-10-11,000725,3.83,3.81,3.84,3.78,1902817,751385901.99,1.57,-0.26,-0.01,0.51
2023-10-12,000725,3.83,3.83,3.86,3.81,1596255,633684536.28,1.31,0.52,0.02,0.43
2023-10-13,000725,3.81,3.86,3.88,3.79,2856859,1140576114.42,2.35,0.78,0.03,0.77
2023-10-16,000725,3.86,3.8,3.87,3.79,2973014,1177151358.36,2.07,-1.55,-0.06,0.8
2023-10-17,000725,3.82,3.8,3.85,3.77,2085409,821058447.33,2.11,0.0,0.0,0.56
2023-10-18,000725,3.79,3.77,3.86,3.77,2047165,805006046.46,2.37,-0.79,-0.03,0.55
2023-10-19,000725,3.75,3.68,3.79,3.68,2399358,928834027.75,2.92,-2.39,-0.09,0.64
2023-10-20,000725,3.67,3.63,3.7,3.61,2889439,1093424854.72,2.45,-1.36,-0.05,0.78
2023-10-23,000725,3.62,3.55,3.63,3.53,2845641,1055975672.24,2.75,-2.2,-0.08,0.76
2023-10-24,000725,3.57,3.56,3.58,3.52,3220828,1189376710.38,1.69,0.28,0.01,0.86
2023-10-25,000725,3.6,3.64,3.66,3.57,2406198,904436390.88,2.53,2.25,0.08,0.65
2023-10-26,000725,3.62,3.67,3.68,3.61,2585705,978898747.17,1.92,0.82,0.03,0.69
2023-10-27,000725,3.67,3.69,3.7,3.65,2190961,836643889.86,1.36,0.54,0.02,0.59
2023-10-30,000725,3.68,3.88,3.9,3.67,5873260,2325377307.29,6.23,5.15,0.19,1.58
2023-10-31,000725,3.86,3.78,3.89,3.77,3420759,1353355214.67,3.09,-2.58,-0.1,0.92
2023-11-01,000725,3.74,3.61,3.75,3.6,6694854,2532433440.35,3.97,-4.5,-0.17,1.8
2023-11-02,000725,3.62,3.65,3.68,3.62,2886372,1094632796.0,1.66,1.11,0.04,0.77
2023-11-03,000725,3.66,3.71,3.73,3.63,4184209,1602869994.37,2.74,1.64,0.06,1.12
2023-11-06,000725,3.74,3.87,3.89,3.73,7314181,2920198130.61,4.31,4.31,0.16,1.96
2023-11-07,000725,3.86,3.86,3.89,3.84,3606985,1443219394.33,1.29,-0.26,-0.01,0.97
2023-11-08,000725,3.86,3.81,3.88,3.78,3319426,1314331602.08,2.59,-1.3,-0.05,0.89
2023-11-09,000725,3.81,3.81,3.88,3.79,2533438,1003628464.22,2.36,0.0,0.0,0.68
2023-11-10,000725,3.8,3.81,3.82,3.76,2295633,903998338.38,1.57,0.0,0.0,0.62
2023-11-13,000725,3.83,3.81,3.85,3.79,1902217,750811737.92,1.57,0.0,0.0,0.51
2023-11-14,000725,3.8,3.84,3.87,3.79,2790199,1110769633.88,2.1,0.79,0.03,0.75
2023-11-15,000725,3.88,3.85,3.89,3.83,2280140,910332245.04,1.56,0.26,0.01,0.61
2023-11-16,000725,3.84,3.82,3.87,3.81,1916551,762523160.68,1.56,-0.78,-0.03,0.51
2023-11-17,000725,3.8,3.84,3.85,3.8,2111608,839278407.96,1.31,0.52,0.02,0.57
2023-11-20,000725,3.84,3.8,3.86,3.79,2497557,986425780.16,1.82,-1.04,-0.04,0.67
2023-11-21,000725,3.81,3.8,3.83,3.78,2324246,917724893.37,1.32,0.0,0.0,0.62
2023-11-22,000725,3.79,3.74,3.8,3.74,2205932,861123879.78,1.58,-1.58,-0.06,0.59
2023-11-23,000725,3.76,3.77,3.78,3.73,1656845,645823290.67,1.34,0.8,0.03,0.44
2023-11-24,000725,3.76,3.72,3.77,3.72,2054945,798598110.01,1.33,-1.33,-0.05,0.55
2023-11-27,000725,3.72,3.76,3.78,3.7,3003201,1165873433.32,2.15,1.08,0.04,0.81
2023-11-28,000725,3.77,3.78,3.82,3.74,2990757,1171061140.07,2.13,0.53,0.02,0.8
2023-11-29,000725,3.78,3.77,3.85,3.77,2830952,1114960620.42,2.12,-0.26,-0.01,0.76
2023-11-30,000725,3.76,3.73,3.77,3.68,2997962,1155571392.99,2.39,-1.06,-0.04,0.8
2023-12-01,000725,3.73,3.73,3.75,3.68,2166682,836142451.5,1.88,0.0,0.0,0.58
2023-12-04,000725,3.74,3.72,3.75,3.71,1752287,678070975.68,1.07,-0.27,-0.01,0.47
2023-12-05,000725,3.72,3.65,3.73,3.64,3127840,1193287503.62,2.42,-1.88,-0.07,0.84
2023-12-06,000725,3.65,3.72,3.74,3.61,3351254,1282686768.46,3.56,1.92,0.07,0.9
2023-12-07,000725,3.72,3.69,3.72,3.67,1924367,737944906.65,1.34,-0.81,-0.03,0.52
2023-12-08,000725,3.7,3.73,3.75,3.69,3005371,1161153651.58,1.63,1.08,0.04,0.81
2023-12-11,000725,3.73,3.64,3.73,3.6,5260060,1982015918.34,3.49,-2.41,-0.09,1.41
2023-12-12,000725,3.62,3.66,3.67,3.62,2127540,805043054.63,1.37,0.55,0.02,0.57
2023-12-13,000725,3.66,3.61,3.68,3.61,2255522,854812784.96,1.91,-1.37,-0.05,0.61
2023-12-14,000725,3.62,3.59,3.64,3.59,2049606,768726593.63,1.39,-0.55,-0.02,0.55
2023-12-15,000725,3.61,3.59,3.64,3.58,2115668,791879684.99,1.67,0.0,0.0,0.57
2023-12-18,000725,3.59,3.56,3.59,3.55,1791249,664019229.68,1.11,-0.84,-0.03,0.48
2023-12-19,000725,3.56,3.58,3.61,3.54,1635767,607445428.17,1.97,0.56,0.02,0.44
2023-12-20,000725,3.58,3.55,3.61,3.55,2195013,816610608.95,1.68,-0.84,-0.03,0.59
2023-12-21,000725,3.54,3.54,3.55,3.5,2734974,1003811692.57,1.41,-0.28,-0.01,0.73
2023-12-22,000725,3.55,3.6,3.63,3.54,3328259,1243057081.61,2.54,1.69,0.06,0.89
2023-12-25,000725,3.61,3.62,3.63,3.58,1865956,698583671.74,1.39,0.56,0.02,0.51
2023-12-26,000725,3.61,3.56,3.62,3.55,1598642,593796378.7,1.93,-1.66,-0.06,0.43
2023-12-27,000725,3.57,3.65,3.67,3.56,3039489,1144982838.21,3.09,2.53,0.09,0.83
2023-12-28,000725,3.65,3.68,3.69,3.62,2716931,1033057097.24,1.92,0.82,0.03,0.74
2023-12-29,000725,3.68,3.76,3.78,3.66,4839621,1873698998.21,3.26,2.17,0.08,1.32
2024-01-02,000725,3.75,3.73,3.76,3.7,3106372,1201721503.68,1.6,-0.8,-0.03,0.85
2024-01-03,000725,3.72,3.71,3.75,3.68,2647721,1019815021.71,1.88,-0.54,-0.02,0.72
2024-01-04,000725,3.7,3.66,3.71,3.63,2608495,990575366.51,2.16,-1.35,-0.05,0.71
2024-01-05,000725,3.66,3.65,3.71,3.63,2825272,1078996758.07,2.19,-0.27,-0.01,0.77
2024-01-08,000725,3.68,3.74,3.83,3.67,6017056,2346299630.0,4.38,2.47,0.09,1.64
2024-01-09,000725,3.72,3.64,3.78,3.62,4381968,1677063515.68,4.28,-2.67,-0.1,1.19
2024-01-10,000725,3.63,3.58,3.64,3.57,3129385,1168411120.85,1.92,-1.65,-0.06,0.85
2024-01-11,000725,3.59,3.62,3.63,3.57,2285452,855965250.48,1.68,1.12,0.04,0.62
2024-01-12,000725,3.61,3.58,3.63,3.57,2234979,835198124.7,1.66,-1.1,-0.04,0.61
2024-01-15,000725,3.56,3.58,3.61,3.55,1938640,721545641.36,1.68,0.0,0.0,0.53
2024-01-16,000725,3.59,3.59,3.6,3.52,3106561,1149691608.14,2.23,0.28,0.01,0.85
2024-01-17,000725,3.58,3.54,3.59,3.54,2229706,826388162.0,1.39,-1.39,-0.05,0.61
2024-01-18,000725,3.54,3.53,3.55,3.4,4907115,1770996794.92,4.24,-0.28,-0.01,1.33
2024-01-19,000725,3.51,3.51,3.55,3.46,3069075,1118105654.45,2.55,-0.57,-0.02,0.83
2024-01-22,000725,3.51,3.44,3.53,3.41,3475040,1259434990.87,3.42,-1.99,-0.07,0.95
2024-01-23,000725,3.43,3.44,3.48,3.39,2824211,1008330679.66,2.62,0.0,0.0,0.77
2024-01-24,000725,3.45,3.52,3.53,3.39,2687910,967834693.88,4.07,2.33,0.08,0.73
2024-01-25,000725,3.52,3.6,3.61,3.5,3098538,1150401965.86,3.13,2.27,0.08,0.84
2024-01-26,000725,3.59,3.61,3.64,3.57,3179465,1191565002.15,1.94,0.28,0.01,0.86
2024-01-29,000725,3.62,3.6,3.65,3.6,2456396,924638822.39,1.39,-0.28,-0.01,0.67
2024-01-30,000725,3.59,3.51,3.61,3.51,2505521,928215791.91,2.78,-2.5,-0.09,0.68
2024-01-31,000725,3.51,3.46,3.53,3.44,2912252,1054996194.37,2.56,-1.42,-0.05,0.79
2024-02-01,000725,3.44,3.53,3.6,3.43,3635871,1334934000.74,4.91,2.02,0.07,0.99
2024-02-02,000725,3.55,3.51,3.57,3.41,3890057,1413168328.7,4.53,-0.57,-0.02,1.06
2024-02-05,000725,3.49,3.51,3.56,3.43,4738438,1720309006.77,3.7,0.0,0.0,1.29
2024-02-06,000725,3.48,3.68,3.69,3.47,5521478,2072658495.32,6.27,4.84,0.17,1.5
2024-02-07,000725,3.7,3.74,3.75,3.68,5544880,2143944940.56,1.9,1.63,0.06,1.51
2024-02-08,000725,3.73,3.74,3.76,3.69,4673074,1810685603.68,1.87,0.0,0.0,1.27
2024-02-19,000725,3.76,3.81,3.81,3.72,4528318,1776347591.67,2.41,1.87,0.07,1.23
2024-02-20,000725,3.79,3.82,3.83,3.77,3175962,1253422509.21,1.57,0.26,0.01,0.86
2024-02-21,000725,3.81,3.83,3.89,3.78,4357945,1740056568.64,2.88,0.26,0.01,1.19
2024-02-22,000725,3.84,3.84,3.86,3.8,3229976,1282298394.84,1.57,0.26,0.01,0.88
2024-02-23,000725,3.85,3.84,3.86,3.81,2562574,1018522010.93,1.3,0.0,0.0,0.7
2024-02-26,000725,3.84,3.79,3.86,3.79,2831915,1122148580.8,1.82,-1.3,-0.05,0.77
2024-02-27,000725,3.79,3.84,3.85,3.78,2707508,1072043389.16,1.85,1.32,0.05,0.74
2024-02-28,000725,3.85,3.76,3.86,3.76,4098338,1616784893.84,2.6,-2.08,-0.08,1.11
2024-02-29,000725,3.74,3.85,3.85,3.74,3846148,1518212092.3,2.93,2.39,0.09,1.05
2024-03-01,000725,3.85,3.97,3.97,3.85,6960233,2826205225.19,3.12,3.12,0.12,1.89
2024-03-04,000725,3.99,3.91,4.0,3.9,4151979,1688960386.73,2.52,-1.51,-0.06,1.13
2024-03-05,000725,3.9,3.93,3.95,3.89,3792079,1541094379.36,1.53,0.51,0.02,1.03
2024-03-06,000725,3.93,3.91,3.98,3.91,3405752,1388119033.48,1.78,-0.51,-0.02,0.93
2024-03-07,000725,3.91,3.89,3.94,3.88,2655992,1074070261.42,1.53,-0.51,-0.02,0.72
2024-03-08,000725,3.9,3.91,3.92,3.88,2079418,840716269.4,1.03,0.51,0.02,0.57
2024-03-11,000725,3.91,3.94,3.96,3.89,3438594,1399474885.8,1.79,0.77,0.03,0.94
2024-03-12,000725,3.95,3.92,3.95,3.89,2932671,1188820766.43,1.52,-0.51,-0.02,0.8
2024-03-13,000725,3.92,3.92,3.95,3.9,3078412,1252608983.54,1.28,0.0,0.0,0.84
2024-03-14,000725,3.91,3.86,3.93,3.85,2936554,1182204961.89,2.04,-1.53,-0.06,0.8
2024-03-15,000725,3.86,3.9,3.9,3.84,2587822,1038739236.12,1.55,1.04,0.04,0.7
2024-03-18,000725,3.9,3.91,3.92,3.87,3330996,1343637741.87,1.28,0.26,0.01,0.91
2024-03-19,000725,3.9,3.9,3.94,3.89,2760612,1119769188.63,1.28,-0.26,-0.01,0.75
2024-03-20,000725,3.89,3.87,3.91,3.85,2561630,1027584670.03,1.54,-0.77,-0.03,0.7
2024-03-21,000725,3.88,3.86,3.94,3.86,3235637,1304912951.11,2.07,-0.26,-0.01,0.88
2024-03-22,000725,3.86,3.78,3.88,3.78,3613962,1426570653.83,2.59,-2.07,-0.08,0.98
2024-03-25,000725,3.78,3.79,3.84,3.76,2866431,1132912017.28,2.12,0.26,0.01,0.78
2024-03-26,000725,3.79,3.8,3.82,3.76,2175222,854498358.03,1.58,0.26,0.01,0.59
2024-03-27,000725,3.8,3.81,3.86,3.78,3561216,1411584413.56,2.11,0.26,0.01,0.97
2024-03-28,000725,3.81,3.89,3.93,3.8,3895209,1564838388.88,3.41,2.1,0.08,1.06
2024-03-29,000725,3.9,3.92,3.92,3.88,1952392,787714887.14,1.03,0.77,0.03,0.53
2024-04-01,000725,3.94,4.2,4.25,3.93,11937251,5130006720.2,8.16,7.14,0.28,3.25
2024-04-02,000725,4.17,4.16,4.2,4.1,5501331,2357191633.2,2.38,-0.95,-0.04,1.5
2024-04-03,000725,4.16,4.2,4.27,4.14,5576945,2419524826.85,3.13,0.96,0.04,1.52
2024-04-08,000725,4.22,4.21,4.28,4.18,4636672,2028590805.27,2.38,0.24,0.01,1.26
2024-04-09,000725,4.22,4.19,4.24,4.13,3618378,1559763873.94,2.61,-0.48,-0.02,0.98
2024-04-10,000725,4.18,4.12,4.19,4.08,3344144,1428026061.91,2.63,-1.67,-0.07,0.91
2024-04-11,000725,4.09,4.1,4.14,4.09,2935863,1248385587.13,1.21,-0.49,-0.02,0.8
2024-04-12,000725,4.15,4.09,4.2,4.08,4901643,2089246272.09,2.93,-0.24,-0.01,1.33
2024-04-15,000725,4.09,4.16,4.18,4.08,4580955,1962152188.33,2.44,1.71,0.07,1.24
2024-04-16,000725,4.16,4.08,4.17,4.07,3881500,1648690146.79,2.4,-1.92,-0.08,1.05
2024-04-17,000725,4.08,4.14,4.15,4.08,3774885,1603181501.69,1.72,1.47,0.06,1.02
2024-04-18,000725,4.13,4.16,4.27,4.13,4450877,1931921419.29,3.38,0.48,0.02,1.21
2024-04-19,000725,4.14,4.1,4.16,4.07,3751835,1592834339.84,2.16,-1.44,-0.06,1.02
2024-04-22,000725,4.09,4.08,4.1,4.04,2391211,1008134855.83,1.46,-0.49,-0.02,0.65
2024-04-23,000725,4.11,4.07,4.16,4.06,3392506,1437579667.45,2.45,-0.25,-0.01,0.92
2024-04-24,000725,4.07,4.14,4.15,4.06,3157821,1342628130.44,2.21,1.72,0.07,0.86
2024-04-25,000725,4.14,4.18,4.23,4.12,3532195,1527145801.4,2.66,0.97,0.04,0.96
2024-04-26,000725,4.18,4.23,4.23,4.17,3582449,1560142524.03,1.44,1.2,0.05,0.97
2024-04-29,000725,4.22,4.2,4.23,4.18,3581087,1553219122.52,1.18,-0.71,-0.03,0.97
2024-04-30,000725,4.22,4.22,4.28,4.21,4332882,1899395509.96,1.67,0.48,0.02,1.18
2024-05-06,000725,4.31,4.38,4.42,4.27,7469664,3357662786.17,3.55,3.79,0.16,2.03
2024-05-07,000725,4.37,4.29,4.39,4.27,4750168,2124494174.51,2.74,-2.05,-0.09,1.29
2024-05-08,000725,4.3,4.28,4.31,4.23,4053219,1787022742.25,1.86,-0.23,-0.01,1.1
2024-05-09,000725,4.26,4.25,4.32,4.24,3488738,1542804958.95,1.87,-0.7,-0.03,0.95
2024-05-10,000725,4.27,4.24,4.28,4.2,3182007,1390409617.21,1.88,-0.24,-0.01,0.86
2024-05-13,000725,4.22,4.22,4.26,4.19,3257622,1422525372.92,1.65,-0.47,-0.02,0.88
2024-05-14,000725,4.24,4.24,4.29,4.22,2687780,1179797900.15,1.66,0.47,0.02,0.73
2024-05-15,000725,4.23,4.19,4.24,4.18,2260476,982623120.07,1.42,-1.18,-0.05,0.61
2024-05-16,000725,4.19,4.16,4.22,4.13,2808600,1212622042.15,2.15,-0.72,-0.03,0.76
2024-05-17,000725,4.15,4.27,4.27,4.14,3769932,1642020079.44,3.13,2.64,0.11,1.02
2024-05-20,000725,4.27,4.2,4.29,4.18,4080268,1781339160.1,2.58,-1.64,-0.07,1.11
2024-05-21,000725,4.2,4.22,4.27,4.18,2896611,1267282168.46,2.14,0.48,0.02,0.79
2024-05-22,000725,4.23,4.23,4.25,4.18,3287730,1430107860.71,1.66,0.24,0.01,0.89
2024-05-23,000725,4.22,4.12,4.23,4.11,3584528,1535147316.16,2.84,-2.6,-0.11,0.97
2024-05-24,000725,4.11,4.09,4.14,4.08,2926663,1244248025.16,1.46,-0.73,-0.03,0.79
2024-05-27,000725,4.09,4.15,4.16,4.07,2736230,1163463559.82,2.2,1.47,0.06,0.74
2024-05-28,000725,4.15,3.95,4.17,3.93,6455847,2680421134.93,5.78,-4.82,-0.2,1.75
2024-05-29,000725,3.96,3.95,4.01,3.94,3638577,1494516203.14,1.77,0.0,0.0,0.99
2024-05-30,000725,3.96,3.97,3.99,3.92,2746262,1126661202.15,1.77,0.51,0.02,0.75
2024-05-31,000725,3.98,3.94,4.02,3.93,2755254,1132948593.52,2.27,-0.76,-0.03,0.75
2024-06-03,000725,3.94,3.95,3.97,3.87,3304134,1344597649.24,2.54,0.25,0.01,0.9
2024-06-04,000725,3.95,4.0,4.04,3.93,3878983,1605612962.62,2.78,1.27,0.05,1.05
2024-06-05,000725,4.02,3.97,4.03,3.97,2367465,978046337.55,1.5,-0.75,-0.03,0.64
2024-06-06,000725,3.98,3.95,4.02,3.94,2770302,1139955101.93,2.02,-0.5,-0.02,0.75
2024-06-07,000725,3.97,4.0,4.01,3.94,2770434,1140907955.17,1.77,1.27,0.05,0.75
2024-06-11,000725,3.99,3.98,4.0,3.95,2576406,1059995165.06,1.25,-0.5,-0.02,0.7
2024-06-12,000725,3.99,3.94,4.02,3.93,3148016,1292597731.25,2.26,-1.01,-0.04,0.85
2024-06-13,000725,3.95,3.88,3.96,3.82,3731627,1504441155.99,3.55,-1.52,-0.06,1.01
2024-06-14,000725,3.88,3.93,3.93,3.87,2774043,1121571693.93,1.55,1.29,0.05,0.75
2024-06-17,000725,3.91,3.94,3.98,3.85,3959354,1608210577.81,3.31,0.25,0.01,1.07
2024-06-18,000725,3.94,4.0,4.01,3.93,3451902,1420444150.84,2.03,1.52,0.06,0.94
2024-06-19,000725,4.01,4.0,4.03,3.98,2239698,921266764.8,1.25,0.0,0.0,0.61
2024-06-20,000725,3.99,3.92,4.01,3.91,3130880,1270916319.53,2.5,-2.0,-0.08,0.85
2024-06-21,000725,3.92,3.94,3.95,3.88,2884152,1161013342.24,1.79,0.51,0.02,0.78
2024-06-24,000725,3.93,3.85,3.93,3.84,3664102,1465887742.58,2.28,-2.28,-0.09,0.99
2024-06-25,000725,3.85,3.8,3.86,3.76,4083932,1600102801.1,2.6,-1.3,-0.05,1.11
2024-06-26,000725,3.79,3.88,3.9,3.78,3016622,1189178450.91,3.16,2.11,0.08,0.82
2024-06-27,000725,3.87,3.93,3.95,3.85,3724249,1500575422.72,2.58,1.29,0.05,1.01
2024-06-28,000725,3.91,3.98,4.03,3.91,3724509,1525071772.6,3.05,1.27,0.05,1.01
2024-07-01,000725,3.98,4.0,4.01,3.96,2182735,894375720.9,1.26,0.5,0.02,0.59
2024-07-02,000725,4.0,3.99,4.01,3.96,2052560,841333686.12,1.25,-0.25,-0.01,0.56
2024-07-03,000725,3.98,4.02,4.03,3.97,2194907,902973206.1,1.5,0.75,0.03,0.6
2024-07-04,000725,4.02,3.98,4.05,3.98,2366964,973857427.21,1.74,-1.0,-0.04,0.64
2024-07-05,000725,3.99,3.95,3.99,3.9,2808496,1137030451.8,2.26,-0.75,-0.03,0.76
2024-07-08,000725,3.96,3.92,4.0,3.91,2541151,1031963133.0,2.28,-0.76,-0.03,0.69
2024-07-09,000725,3.91,3.99,4.0,3.89,3342208,1359394053.03,2.81,1.79,0.07,0.91
2024-07-10,000725,4.0,4.08,4.12,4.0,4201760,1757715099.98,3.01,2.26,0.09,1.14
2024-07-11,000725,4.12,4.2,4.21,4.1,5166578,2203627223.67,2.7,2.94,0.12,1.4
2024-07-12,000725,4.18,4.19,4.21,4.14,3490096,1494353489.31,1.67,-0.24,-0.01,0.95
2024-07-15,000725,4.04,3.87,4.05,3.85,11209526,4495750156.38,4.77,-7.64,-0.32,3.04
2024-07-16,000725,3.87,4.0,4.0,3.83,6812198,2750764036.35,4.39,3.36,0.13,1.85
2024-07-17,000725,3.99,3.96,4.01,3.95,3593739,1467132849.57,1.5,-1.0,-0.04,0.98
2024-07-18,000725,3.94,3.93,3.95,3.87,3554292,1429842975.81,2.02,-0.76,-0.03,0.96
2024-07-19,000725,3.92,3.96,3.98,3.91,3215702,1306228056.39,1.78,0.76,0.03,0.87
2024-07-22,000725,3.97,3.9,3.98,3.87,3723921,1494078917.4,2.78,-1.52,-0.06,1.01
2024-07-23,000725,3.9,3.79,3.9,3.79,4478957,1767704510.85,2.82,-2.82,-0.11,1.22
2024-07-24,000725,3.79,3.69,3.8,3.64,6061840,2304690000.58,4.22,-2.64,-0.1,1.64
2024-07-25,000725,3.65,3.67,3.69,3.64,3680523,1389051756.12,1.36,-0.54,-0.02,1.0
2024-07-26,000725,3.67,3.74,3.75,3.67,3495198,1339365328.58,2.18,1.91,0.07,0.95
2024-07-29,000725,3.75,3.73,3.77,3.72,2085102,803136411.33,1.34,-0.27,-0.01,0.57
2024-07-30,000725,3.72,3.73,3.75,3.7,2243537,860173745.68,1.34,0.0,0.0,0.61
2024-07-31,000725,3.74,3.83,3.84,3.74,3454724,1351059124.03,2.68,2.68,0.1,0.94
2024-08-01,000725,3.83,3.8,3.86,3.79,2509988,985572432.2,1.83,-0.78,-0.03,0.68
2024-08-02,000725,3.78,3.76,3.82,3.76,2380859,928767659.04,1.58,-1.05,-0.04,0.65
2024-08-05,000725,3.74,3.65,3.77,3.65,3978575,1513666017.14,3.19,-2.93,-0.11,1.08
2024-08-06,000725,3.67,3.66,3.7,3.62,3083969,1160670985.59,2.19,0.27,0.01,0.84
2024-08-07,000725,3.66,3.64,3.67,3.63,2184579,820556426.03,1.09,-0.55,-0.02,0.59
2024-08-08,000725,3.62,3.63,3.65,3.59,2416229,901072294.5,1.65,-0.27,-0.01,0.66
2024-08-09,000725,3.64,3.62,3.67,3.62,2108666,791558346.82,1.38,-0.28,-0.01,0.57
2024-08-12,000725,3.62,3.59,3.63,3.58,2008288,746242825.4,1.38,-0.83,-0.03,0.54
2024-08-13,000725,3.59,3.62,3.62,3.57,2280062,844659515.02,1.39,0.84,0.03,0.62
2024-08-14,000725,3.62,3.61,3.65,3.61,1720461,642600637.93,1.1,-0.28,-0.01,0.47
2024-08-15,000725,3.62,3.68,3.71,3.6,3445774,1303109421.98,3.05,1.94,0.07,0.94
2024-08-16,000725,3.69,3.69,3.72,3.68,2327411,886627437.85,1.09,0.27,0.01,0.63
2024-08-19,000725,3.69,3.7,3.72,3.68,1980534,755789744.75,1.08,0.27,0.01,0.54
2024-08-20,000725,3.71,3.69,3.74,3.68,2770740,1057437690.45,1.62,-0.27,-0.01,0.75
2024-08-21,000725,3.69,3.72,3.77,3.68,2562390,985804035.22,2.44,0.81,0.03,0.7
2024-08-22,000725,3.72,3.74,3.76,3.7,2280007,877089030.49,1.61,0.54,0.02,0.62
2024-08-23,000725,3.73,3.75,3.76,3.69,2432484,934908153.65,1.87,0.27,0.01,0.66
2024-08-26,000725,3.76,3.79,3.81,3.75,2303060,895884844.72,1.6,1.07,0.04,0.62
2024-08-27,000725,3.78,3.68,3.78,3.66,2974591,1133470284.38,3.17,-2.9,-0.11,0.81
2024-08-28,000725,3.69,3.71,3.72,3.65,2238348,850891983.62,1.9,0.82,0.03,0.61
2024-08-29,000725,3.71,3.77,3.79,3.69,3215249,1245594729.76,2.7,1.62,0.06,0.87
2024-08-30,000725,3.79,3.75,3.84,3.75,4662886,1815830778.17,2.39,-0.53,-0.02,1.27
2024-09-02,000725,3.75,3.72,3.77,3.7,2874009,1105484488.01,1.87,-0.8,-0.03,0.78
2024-09-03,000725,3.72,3.78,3.8,3.71,2973412,1153620643.85,2.42,1.61,0.06,0.81
2024-09-04,000725,3.77,3.78,3.79,3.72,2058913,797670303.42,1.85,0.0,0.0,0.56
2024-09-05,000725,3.77,3.74,3.78,3.73,2433230,939698345.62,1.32,-1.06,-0.04,0.66
2024-09-06,000725,3.75,3.71,3.77,3.71,1637384,629387567.99,1.6,-0.8,-0.03,0.44
2024-09-09,000725,3.74,3.68,3.74,3.66,2409215,914644473.03,2.16,-0.81,-0.03,0.65
2024-09-10,000725,3.68,3.73,3.74,3.64,2620655,996180224.79,2.72,1.36,0.05,0.71
2024-09-11,000725,3.73,3.65,3.74,3.63,2483188,938133599.78,2.95,-2.14,-0.08,0.67
2024-09-12,000725,3.65,3.6,3.68,3.6,2321123,868404028.13,2.19,-1.37,-0.05,0.63
2024-09-13,000725,3.61,3.54,3.63,3.53,2966878,1091935047.51,2.78,-1.67,-0.06,0.81
2024-09-18,000725,3.55,3.52,3.56,3.48,2342191,847639538.45,2.26,-0.56,-0.02,0.64
2024-09-19,000725,3.55,3.63,3.64,3.54,3435796,1274900883.14,2.84,3.13,0.11,0.93
2024-09-20,000725,3.64,3.67,3.69,3.61,2965154,1115046699.91,2.2,1.1,0.04,0.8
2024-09-23,000725,3.68,3.69,3.71,3.64,2140472,813038485.47,1.91,0.54,0.02,0.58
2024-09-24,000725,3.7,3.77,3.78,3.69,4298814,1659092497.24,2.44,2.17,0.08,1.17
2024-09-25,000725,3.8,3.78,3.86,3.76,4651890,1827496340.65,2.65,0.27,0.01,1.26
2024-09-26,000725,3.75,3.86,3.87,3.74,5653782,2213837798.57,3.44,2.12,0.08,1.53
2024-09-27,000725,3.92,4.04,4.09,3.91,8966168,3679363650.29,4.66,4.66,0.18,2.43
2024-09-30,000725,4.15,4.36,4.38,4.1,15175857,6615144258.33,6.93,7.92,0.32,4.12
2024-10-08,000725,4.81,4.61,4.81,4.39,18271049,8616898239.36,9.63,5.73,0.25,4.96
2024-10-09,000725,4.54,4.24,4.54,4.22,12216614,5458203052.09,6.94,-8.03,-0.37,3.32
2024-10-10,000725,4.25,4.26,4.36,4.2,7579221,3329698029.43,3.77,0.47,0.02,2.06
2024-10-11,000725,4.24,4.08,4.25,4.02,6592975,2792792653.78,5.4,-4.23,-0.18,1.79
2024-10-14,000725,4.1,4.14,4.17,4.05,6023503,2545426298.59,2.94,1.47,0.06,1.63
2024-10-15,000725,4.14,4.04,4.17,4.04,5508304,2321805096.99,3.14,-2.42,-0.1,1.49
2024-10-16,000725,3.99,4.02,4.05,3.97,4546883,1871906645.53,1.98,-0.5,-0.02,1.23
2024-10-17,000725,4.03,3.98,4.09,3.98,4622137,1915046928.16,2.74,-1.0,-0.04,1.25
2024-10-18,000725,3.97,4.05,4.13,3.94,8433999,3487259740.48,4.77,1.76,0.07,2.29
2024-10-21,000725,4.08,4.12,4.18,4.07,9451848,4012207002.63,2.72,1.73,0.07,2.56
2024-10-22,000725,4.12,4.17,4.18,4.07,7174537,3047262476.56,2.67,1.21,0.05,1.95
2024-10-23,000725,4.17,4.23,4.31,4.15,9438930,4101150297.95,3.84,1.44,0.06,2.56
2024-10-24,000725,4.2,4.14,4.21,4.12,4846107,2063701149.26,2.13,-2.13,-0.09,1.32
2024-10-25,000725,4.14,4.26,4.28,4.13,7042255,3054323701.77,3.62,2.9,0.12,1.91
2024-10-28,000725,4.26,4.24,4.26,4.18,6673389,2883064498.35,1.88,-0.47,-0.02,1.81
2024-10-29,000725,4.26,4.2,4.27,4.19,5650781,2449711434.45,1.89,-0.94,-0.04,1.53
2024-10-30,000725,4.2,4.41,4.51,4.18,17561825,7873931173.52,7.86,5.0,0.21,4.77
2024-10-31,000725,4.5,4.56,4.64,4.33,20573761,9439066968.61,7.03,3.4,0.15,5.58
2024-11-01,000725,4.59,4.35,4.62,4.33,14225339,6464534866.45,6.36,-4.61,-0.21,3.86
2024-11-04,000725,4.34,4.39,4.45,4.32,7108481,3203193383.21,2.99,0.92,0.04,1.93
2024-11-05,000725,4.41,4.51,4.54,4.38,10848209,4977801358.57,3.64,2.73,0.12,2.94
2024-11-06,000725,4.52,4.46,4.53,4.41,9326915,4271153937.11,2.66,-1.11,-0.05,2.53
2024-11-07,000725,4.43,4.55,4.55,4.41,10286285,4735598648.44,3.14,2.02,0.09,2.79
2024-11-08,000725,4.57,4.52,4.6,4.49,8790219,4093173218.27,2.42,-0.66,-0.03,2.39
2024-11-11,000725,4.49,4.55,4.61,4.46,9583763,4455056098.7,3.32,0.66,0.03,2.6
2024-11-12,000725,4.54,4.43,4.57,4.4,9962538,4585001481.2,3.74,-2.64,-0.12,2.7
2024-11-13,000725,4.4,4.44,4.46,4.36,6620130,2987642307.0,2.26,0.23,0.01,1.8
2024-11-14,000725,4.45,4.29,4.46,4.29,6892390,3082907196.0,3.83,-3.38,-0.15,1.87
2024-11-15,000725,4.28,4.3,4.43,4.27,7781168,3472426458.76,3.73,0.23,0.01,2.11
2024-11-18,000725,4.39,4.3,4.43,4.29,8344956,3727032796.5,3.26,0.0,0.0,2.26
2024-11-19,000725,4.31,4.29,4.33,4.18,7423276,3240828429.29,3.49,-0.23,-0.01,2.01
2024-11-20,000725,4.3,4.3,4.32,4.26,4485234,1973634223.12,1.4,0.23,0.01,1.22
2024-11-21,000725,4.3,4.26,4.31,4.24,4365905,1911660568.71,1.63,-0.93,-0.04,1.18
2024-11-22,000725,4.25,4.13,4.28,4.13,5749918,2486567679.4,3.52,-3.05,-0.13,1.56
2024-11-25,000725,4.13,4.09,4.15,4.05,5393122,2270746985.11,2.42,-0.97,-0.04,1.46
2024-11-26,000725,4.08,4.08,4.13,4.07,4207392,1769736756.88,1.47,-0.24,-0.01,1.14
2024-11-27,000725,4.08,4.19,4.2,4.04,5698235,2414487461.3,3.92,2.7,0.11,1.55
2024-11-28,000725,4.19,4.15,4.2,4.14,3450279,1475634018.29,1.43,-0.95,-0.04,0.94
2024-11-29,000725,4.15,4.19,4.22,4.14,4272207,1833585183.95,1.93,0.96,0.04,1.16
2024-12-02,000725,4.2,4.21,4.23,4.19,4299433,1858405741.04,0.95,0.48,0.02,1.17
2024-12-03,000725,4.21,4.2,4.22,4.17,3951050,1701106430.73,1.19,-0.24,-0.01,1.07
2024-12-04,000725,4.2,4.15,4.21,4.14,4497922,1924035912.4,1.67,-1.19,-0.05,1.22
2024-12-05,000725,4.14,4.15,4.17,4.13,3359816,1432250689.67,0.96,0.0,0.0,0.91
2024-12-06,000725,4.15,4.2,4.21,4.14,4792842,2060279634.1,1.69,1.2,0.05,1.3
2024-12-09,000725,4.2,4.18,4.22,4.15,4294867,1841863509.11,1.67,-0.48,-0.02,1.17
2024-12-10,000725,4.25,4.24,4.3,4.22,7646782,3342667529.93,1.91,1.44,0.06,2.08
2024-12-11,000725,4.23,4.28,4.29,4.2,5807745,2542209748.21,2.12,0.94,0.04,1.58
2024-12-12,000725,4.28,4.28,4.31,4.25,5101244,2236989610.75,1.4,0.0,0.0,1.38
2024-12-13,000725,4.27,4.25,4.33,4.23,7004939,3067845668.31,2.34,-0.7,-0.03,1.9
2024-12-16,000725,4.24,4.19,4.27,4.18,4272092,1852290126.96,2.12,-1.41,-0.06,1.16
2024-12-17,000725,4.19,4.22,4.27,4.19,4629897,2007493243.85,1.91,0.72,0.03,1.26
2024-12-18,000725,4.22,4.27,4.32,4.22,5273382,2315466105.28,2.37,1.18,0.05,1.43
2024-12-19,000725,4.26,4.32,4.32,4.23,4906219,2158030118.68,2.11,1.17,0.05,1.33
2024-12-20,000725,4.31,4.28,4.33,4.27,4193876,1849366872.99,1.39,-0.93,-0.04,1.14
2024-12-23,000725,4.3,4.25,4.39,4.25,6394103,2821446701.63,3.27,-0.7,-0.03,1.74
2024-12-24,000725,4.26,4.29,4.3,4.24,4579971,2008010805.83,1.41,0.94,0.04,1.24
2024-12-25,000725,4.29,4.27,4.3,4.23,3175484,1388520662.83,1.63,-0.47,-0.02,0.86
2024-12-26,000725,4.26,4.27,4.29,4.24,3062417,1341682812.7,1.17,0.0,0.0,0.83
2024-12-27,000725,4.26,4.23,4.28,4.23,4353240,1899579069.18,1.17,-0.94,-0.04,1.18
2024-12-30,000725,4.25,4.34,4.35,4.23,8003195,3539711594.6,2.84,2.6,0.11,2.17
2024-12-31,000725,4.33,4.28,4.36,4.27,7213835,3182210971.19,2.07,-1.38,-0.06,1.96
2025-01-02,000725,4.28,4.13,4.29,4.1,7504077,3228058594.4,4.44,-3.5,-0.15,2.04
2025-01-03,000725,4.13,4.09,4.18,4.09,4851162,2057630949.9,2.18,-0.97,-0.04,1.32
2025-01-06,000725,4.09,4.07,4.11,4.02,4235027,1768260903.94,2.2,-0.49,-0.02,1.15
2025-01-07,000725,4.08,4.32,4.37,4.07,11153586,4896053476.76,7.37,6.14,0.25,3.03
2025-01-08,000725,4.27,4.21,4.28,4.13,7548917,3254631812.86,3.47,-2.55,-0.11,2.05
2025-01-09,000725,4.18,4.2,4.24,4.17,2945515,1270694623.94,1.66,-0.24,-0.01,0.8
2025-01-10,000725,4.2,4.09,4.21,4.09,3857113,1639425285.73,2.86,-2.62,-0.11,1.05
2025-01-13,000725,4.07,4.05,4.08,4.03,3092479,1287547828.54,1.22,-0.98,-0.04,0.84
2025-01-14,000725,4.05,4.21,4.21,4.05,5065819,2156372346.83,3.95,3.95,0.16,1.37
2025-01-15,000725,4.18,4.15,4.19,4.12,2949907,1258336151.84,1.66,-1.43,-0.06,0.8
2025-01-16,000725,4.18,4.2,4.23,4.15,3556938,1530472816.07,1.93,1.2,0.05,0.97
2025-01-17,000725,4.19,4.23,4.25,4.17,3368835,1460473318.62,1.9,0.71,0.03,0.91
2025-01-20,000725,4.27,4.28,4.32,4.26,4035268,1775345251.82,1.42,1.18,0.05,1.1
2025-01-21,000725,4.34,4.39,4.41,4.3,8106099,3629947226.5,2.57,2.57,0.11,2.2
2025-01-22,000725,4.38,4.38,4.41,4.34,3853058,1726215330.06,1.59,-0.23,-0.01,1.05
2025-01-23,000725,4.39,4.34,4.41,4.32,5450246,2435447121.81,2.05,-0.91,-0.04,1.48
2025-01-24,000725,4.34,4.37,4.42,4.33,4434578,1994257745.43,2.07,0.69,0.03,1.2
2025-01-27,000725,4.39,4.35,4.4,4.35,2905405,1302954769.58,1.14,-0.46,-0.02,0.79
2025-02-05,000725,4.38,4.4,4.4,4.32,4189915,1877880508.4,1.84,1.15,0.05,1.14
2025-02-06,000725,4.38,4.43,4.45,4.35,4505377,2036079718.87,2.27,0.68,0.03,1.22
2025-02-07,000725,4.42,4.43,4.47,4.39,4700790,2137775894.81,1.81,0.0,0.0,1.28
2025-02-10,000725,4.43,4.4,4.44,4.35,4823241,2172403308.04,2.03,-0.68,-0.03,1.31
2025-02-11,000725,4.4,4.39,4.41,4.37,2894812,1303333681.82,0.91,-0.23,-0.01,0.79
2025-02-12,000725,4.4,4.44,4.44,4.34,4459597,2004969085.75,2.28,1.14,0.05,1.21
2025-02-13,000725,4.43,4.4,4.45,4.35,4466314,2014829149.41,2.25,-0.9,-0.04,1.21
2025-02-14,000725,4.38,4.47,4.49,4.37,5942907,2710177556.82,2.73,1.59,0.07,1.61
2025-02-17,000725,4.48,4.48,4.53,4.46,5267145,2425086071.42,1.57,0.22,0.01,1.43
2025-02-18,000725,4.47,4.42,4.57,4.4,5816052,2673627431.03,3.79,-1.34,-0.06,1.58
2025-02-19,000725,4.43,4.39,4.47,4.35,5618532,2531125324.39,2.71,-0.68,-0.03,1.52
2025-02-20,000725,4.38,4.39,4.43,4.34,4539113,2044894749.88,2.05,0.0,0.0,1.23
2025-02-21,000725,4.38,4.43,4.45,4.36,5219486,2363051114.31,2.05,0.91,0.04,1.42
2025-02-24,000725,4.45,4.46,4.48,4.4,4550670,2069169897.12,1.81,0.68,0.03,1.23
2025-02-25,000725,4.44,4.44,4.46,4.37,4927768,2231077637.75,2.02,-0.45,-0.02,1.34
2025-02-26,000725,4.44,4.37,4.46,4.35,5703477,2560628133.68,2.48,-1.58,-0.07,1.55
2025-02-27,000725,4.37,4.27,4.38,4.24,6358060,2796213653.12,3.2,-2.29,-0.1,1.73
2025-02-28,000725,4.26,4.2,4.27,4.17,4861672,2104425950.5,2.34,-1.64,-0.07,1.32
2025-03-03,000725,4.21,4.23,4.28,4.19,4102534,1781784610.53,2.14,0.71,0.03,1.11
2025-03-04,000725,4.23,4.26,4.29,4.21,3624365,1585880552.78,1.89,0.71,0.03,0.98
2025-03-05,000725,4.25,4.27,4.29,4.22,3054370,1334519791.96,1.64,0.23,0.01,0.83
2025-03-06,000725,4.29,4.34,4.36,4.27,4438924,1966270610.92,2.11,1.64,0.07,1.2
2025-03-07,000725,4.33,4.31,4.34,4.3,2883547,1277200586.03,0.92,-0.69,-0.03,0.78
2025-03-10,000725,4.31,4.29,4.34,4.27,2889046,1273665390.71,1.62,-0.46,-0.02,0.78
2025-03-11,000725,4.26,4.29,4.29,4.25,2711480,1188170087.75,0.93,0.0,0.0,0.74
2025-03-12,000725,4.29,4.25,4.31,4.25,2930826,1281995570.2,1.4,-0.93,-0.04,0.8
2025-03-13,000725,4.25,4.2,4.26,4.19,3371209,1459268112.21,1.65,-1.18,-0.05,0.91
2025-03-14,000725,4.21,4.29,4.29,4.21,3845943,1679743142.5,1.9,2.14,0.09,1.04
2025-03-17,000725,4.31,4.27,4.31,4.26,2874720,1260730358.92,1.17,-0.47,-0.02,0.78
2025-03-18,000725,4.28,4.29,4.31,4.27,3330445,1465364214.73,0.94,0.47,0.02,0.9
2025-03-19,000725,4.29,4.24,4.3,4.23,3282133,1432134278.05,1.63,-1.17,-0.05,0.89
2025-03-20,000725,4.26,4.2,4.27,4.2,3419592,1483893455.99,1.65,-0.94,-0.04,0.93
2025-03-21,000725,4.2,4.14,4.22,4.12,4717855,2017921915.08,2.38,-1.43,-0.06,1.28
2025-03-24,000725,4.14,4.16,4.18,4.13,3524175,1502879342.65,1.21,0.48,0.02,0.96
2025-03-25,000725,4.16,4.11,4.16,4.11,3126968,1324561440.25,1.2,-1.2,-0.05,0.85
2025-03-26,000725,4.12,4.11,4.14,4.1,2357396,996594678.68,0.97,0.0,0.0,0.64
2025-03-27,000725,4.1,4.1,4.13,4.08,2916321,1228497608.1,1.22,-0.24,-0.01,0.79
2025-03-28,000725,4.1,4.1,4.11,4.07,2513279,1055213719.68,0.98,0.0,0.0,0.68
2025-03-31,000725,4.09,4.04,4.1,4.03,3440480,1434752782.73,1.71,-1.46,-0.06,0.93
2025-04-01,000725,4.05,4.09,4.1,4.05,2849254,1193922892.7,1.24,1.24,0.05,0.77
2025-04-02,000725,4.09,4.1,4.11,4.07,2182328,917505802.04,0.98,0.24,0.01,0.59
2025-04-03,000725,4.07,4.05,4.09,4.02,3211699,1336103601.69,1.71,-1.22,-0.05,0.87
2025-04-07,000725,3.82,3.63,3.82,3.63,8060229,3058154322.03,4.69,-10.37,-0.42,2.19
2025-04-08,000725,3.62,3.63,3.67,3.59,7146265,2666295661.23,2.2,0.0,0.0,1.94
2025-04-09,000725,3.59,3.62,3.65,3.53,7018122,2599428908.91,3.31,-0.28,-0.01,1.9
2025-04-10,000725,3.72,3.68,3.75,3.68,5964413,2277439519.83,1.93,1.66,0.06,1.62
2025-04-11,000725,3.65,3.65,3.68,3.62,5463040,2056021691.47,1.63,-0.82,-0.03,1.48
2025-04-14,000725,3.75,3.69,3.78,3.69,6888630,2645141668.66,2.47,1.1,0.04,1.87
2025-04-15,000725,3.68,3.67,3.69,3.62,4316487,1622881147.98,1.9,-0.54,-0.02,1.17
2025-04-16,000725,3.7,3.7,3.72,3.65,4333293,1642865848.31,1.91,0.82,0.03,1.18
2025-04-17,000725,3.68,3.7,3.72,3.67,3284249,1251943484.6,1.35,0.0,0.0,0.89
2025-04-18,000725,3.69,3.71,3.73,3.69,2700297,1031151661.4,1.08,0.27,0.01,0.73
2025-04-21,000725,3.72,3.72,3.73,3.7,2573607,984210283.26,0.81,0.27,0.01,0.7
2025-04-22,000725,3.77,3.73,3.78,3.72,4759985,1838044564.27,1.61,0.27,0.01,1.29
2025-04-23,000725,3.75,3.72,3.77,3.71,3876554,1488357886.2,1.61,-0.27,-0.01,1.05
2025-04-24,000725,3.72,3.69,3.73,3.69,2777660,1060297150.0,1.08,-0.81,-0.03,0.75
2025-04-25,000725,3.7,3.75,3.76,3.69,4236532,1629144838.95,1.9,1.63,0.06,1.15
2025-04-28,000725,3.75,3.73,3.75,3.71,2257684,866526777.27,1.07,-0.53,-0.02,0.61
2025-04-29,000725,3.72,3.71,3.74,3.7,2563898,982108536.03,1.07,-0.54,-0.02,0.69
2025-04-30,000725,3.72,3.73,3.74,3.71,2381405,913708386.0,0.81,0.54,0.02,0.64
2025-05-06,000725,3.74,3.77,3.78,3.73,3802575,1472994516.19,1.34,1.07,0.04,1.03
2025-05-07,000725,3.81,3.76,3.83,3.75,3661340,1422404642.52,2.12,-0.27,-0.01,0.99
2025-05-08,000725,3.76,3.77,3.78,3.75,3112504,1207653512.38,0.8,0.27,0.01,0.84
2025-05-09,000725,3.77,3.75,3.78,3.74,2863731,1106345743.08,1.06,-0.53,-0.02,0.78
2025-05-12,000725,3.78,3.82,3.83,3.77,4519291,1769365721.92,1.6,1.87,0.07,1.22
2025-05-13,000725,3.87,3.81,3.87,3.8,3624087,1427449837.98,1.83,-0.26,-0.01,0.98
2025-05-14,000725,3.81,3.84,3.85,3.78,3642217,1430802390.68,1.84,0.79,0.03,0.99
2025-05-15,000725,3.84,3.78,3.84,3.78,3457794,1352923422.63,1.56,-1.56,-0.06,0.94
2025-05-16,000725,3.77,3.78,3.79,3.76,2500455,971962970.0,0.79,0.0,0.0,0.68
2025-05-19,000725,3.77,3.77,3.78,3.75,2632981,1019925432.95,0.79,-0.26,-0.01,0.71
2025-05-20,000725,3.77,3.79,3.8,3.76,2741155,1066893702.98,1.06,0.53,0.02,0.74
2025-05-21,000725,3.8,3.77,3.8,3.77,2029463,789620851.93,0.79,-0.53,-0.02,0.55
2025-05-22,000725,3.77,3.76,3.79,3.75,2423578,939959140.9,1.06,-0.27,-0.01,0.66
2025-05-23,000725,3.76,3.71,3.77,3.71,3118044,1200800075.94,1.6,-1.33,-0.05,0.84
2025-05-26,000725,3.71,3.72,3.75,3.71,2326841,892989250.48,1.08,0.27,0.01,0.63
2025-05-27,000725,3.72,3.72,3.73,3.7,2236090,855960647.01,0.81,0.0,0.0,0.61
2025-05-28,000725,3.73,3.71,3.77,3.71,3189445,1225718019.3,1.61,-0.27,-0.01,0.86
2025-05-29,000725,3.72,3.74,3.75,3.71,2711637,1042054808.68,1.08,0.81,0.03,0.74
2025-05-30,000725,3.73,3.69,3.73,3.69,3480948,1326687986.45,1.07,-1.34,-0.05,0.95
2025-06-03,000725,3.69,3.69,3.71,3.68,2486334,945702806.29,0.81,0.0,0.0,0.68
2025-06-04,000725,3.7,3.8,3.81,3.69,6515050,2522721280.02,3.25,2.98,0.11,1.77
2025-06-05,000725,3.79,3.83,3.86,3.79,5472101,2157840523.84,1.84,0.79,0.03,1.49
2025-06-06,000725,3.84,3.83,3.85,3.8,2902140,1141635250.24,1.31,0.0,0.0,0.79
2025-06-09,000725,3.84,3.85,3.87,3.83,3026371,1197610605.99,1.04,0.52,0.02,0.82
2025-06-10,000725,3.85,3.79,3.86,3.77,3132356,1226976649.14,2.34,-1.56,-0.06,0.85
2025-06-11,000725,3.8,3.82,3.84,3.79,2485751,978880867.31,1.32,0.79,0.03,0.68
2025-06-12,000725,3.82,3.82,3.84,3.8,2381111,935964174.88,1.05,0.0,0.0,0.65
2025-06-13,000725,3.81,3.78,3.82,3.76,2940497,1144260529.72,1.57,-1.05,-0.04,0.8
2025-06-16,000725,3.77,3.78,3.79,3.76,2284001,887750813.75,0.79,0.0,0.0,0.62
2025-06-17,000725,3.79,3.81,3.83,3.77,3137931,1229343576.44,1.59,0.79,0.03,0.85
2025-06-18,000725,3.82,3.84,3.85,3.81,3235905,1276956548.83,1.05,0.79,0.03,0.88
2025-06-19,000725,3.83,3.82,3.84,3.79,3010939,1181508100.28,1.3,-0.52,-0.02,0.82
2025-06-20,000725,3.81,3.82,3.85,3.81,2636296,1038764586.95,1.05,0.0,0.0,0.72
2025-06-23,000725,3.81,3.85,3.86,3.79,2805942,1107815062.95,1.83,0.79,0.03,0.76
2025-06-24,000725,3.85,3.87,3.87,3.84,3094230,1228078401.58,0.78,0.52,0.02,0.84
2025-06-25,000725,3.88,3.9,3.9,3.86,3493492,1376915628.76,1.03,0.78,0.03,0.95
2025-06-26,000725,3.89,3.89,3.96,3.89,4104372,1633544779.5,1.79,-0.26,-0.01,1.12
2025-06-27,000725,3.89,3.91,3.94,3.89,3127789,1242877240.94,1.29,0.51,0.02,0.85
2025-06-30,000725,3.92,3.93,3.96,3.92,2690951,1075846521.69,1.02,0.51,0.02,0.73
2025-07-01,000725,3.94,3.93,3.95,3.91,2199456,876210056.65,1.02,0.0,0.0,0.6
2025-07-02,000725,3.93,3.92,3.93,3.91,2008557,798963311.4,0.51,-0.25,-0.01,0.55
2025-07-03,000725,3.93,3.96,3.97,3.92,3453444,1382686299.83,1.28,1.02,0.04,0.94
2025-07-04,000725,3.96,3.94,3.97,3.93,2932953,1175987886.65,1.01,-0.51,-0.02,0.8
2025-07-07,000725,3.93,3.9,3.94,3.89,2719031,1077579422.11,1.27,-1.02,-0.04,0.74
2025-07-08,000725,3.9,3.94,3.94,3.89,2492129,991418088.2,1.28,1.03,0.04,0.68
2025-07-09,000725,3.93,3.92,3.96,3.91,3174590,1268919000.58,1.27,-0.51,-0.02,0.86
2025-07-10,000725,3.92,3.97,4.0,3.92,5355399,2154838766.19,2.04,1.28,0.05,1.46
2025-07-11,000725,3.97,4.0,4.02,3.94,4314366,1746749404.59,2.02,0.76,0.03,1.18
2025-07-14,000725,3.99,3.99,4.01,3.98,3538385,1434451704.35,0.75,-0.25,-0.01,0.96
2025-07-15,000725,3.98,3.91,3.98,3.9,5226585,2084419623.59,2.01,-2.01,-0.08,1.42
2025-07-16,000725,3.91,3.89,3.92,3.88,3061838,1210681338.35,1.02,-0.51,-0.02,0.83
2025-07-17,000725,3.89,3.98,3.98,3.88,4621116,1847396369.55,2.57,2.31,0.09,1.26
2025-07-18,000725,3.98,3.93,3.99,3.91,3517360,1405856607.04,2.01,-1.26,-0.05,0.96
2025-07-21,000725,3.93,4.01,4.04,3.92,5404258,2184507259.37,3.05,2.04,0.08,1.47
2025-07-22,000725,4.0,4.05,4.05,3.98,4571962,1865188505.64,1.75,1.0,0.04,1.25
2025-07-23,000725,4.05,4.04,4.08,4.03,4282164,1760703698.75,1.23,-0.25,-0.01,1.17
2025-07-24,000725,4.04,4.07,4.07,4.04,3354030,1381532131.09,0.74,0.74,0.03,0.91
2025-07-25,000725,4.07,4.04,4.07,4.03,2770988,1137738671.38,0.98,-0.74,-0.03,0.75
2025-07-28,000725,4.05,4.04,4.05,4.02,2530670,1036910008.0,0.74,0.0,0.0,0.69
2025-07-29,000725,4.03,4.05,4.06,4.0,3425208,1398930974.42,1.49,0.25,0.01,0.93
2025-07-30,000725,4.04,4.02,4.06,4.0,3178749,1301703987.18,1.48,-0.74,-0.03,0.87
2025-07-31,000725,4.02,3.98,4.03,3.96,4340048,1759884630.6,1.74,-1.0,-0.04,1.18
2025-08-01,000725,3.97,3.97,4.02,3.96,3357154,1359117264.87,1.51,-0.25,-0.01,0.91
2025-08-04,000725,3.97,3.96,3.98,3.93,3102282,1244349280.16,1.26,-0.25,-0.01,0.85
2025-08-05,000725,3.96,3.98,4.02,3.95,3435975,1392718907.62,1.77,0.51,0.02,0.94
2025-08-06,000725,4.0,4.0,4.0,3.97,2438860,986871824.09,0.75,0.5,0.02,0.66
2025-08-07,000725,4.0,3.97,4.01,3.96,2904686,1173713991.27,1.25,-0.75,-0.03,0.79
2025-08-08,000725,3.97,3.94,3.98,3.94,3141822,1262676147.73,1.01,-0.76,-0.03,0.86
2025-08-11,000725,3.95,3.95,3.97,3.93,4151972,1663497130.15,1.02,0.25,0.01,1.13
2025-08-12,000725,3.95,3.93,3.96,3.92,3821962,1525715004.14,1.01,-0.51,-0.02,1.04
2025-08-13,000725,3.93,3.92,3.94,3.92,3870022,1543818007.05,0.51,-0.25,-0.01,1.05
2025-08-14,000725,3.92,3.84,3.93,3.84,8580024,3381880945.98,2.3,-2.04,-0.08,2.34
2025-08-15,000725,3.83,3.9,3.9,3.82,5651613,2218979860.46,2.08,1.56,0.06,1.54
2025-08-18,000725,3.9,3.89,3.93,3.88,6357099,2520368579.27,1.28,-0.26,-0.01,1.73
2025-08-19,000725,3.89,3.87,3.9,3.86,4599048,1811213490.24,1.03,-0.51,-0.02,1.25
2025-08-20,000725,3.86,3.95,3.95,3.84,7221610,2860961930.24,2.84,2.07,0.08,1.97
2025-08-21,000725,3.95,3.98,4.02,3.94,8066589,3257906886.92,2.03,0.76,0.03,2.2
2025-08-22,000725,3.98,4.12,4.14,3.97,12981755,5345248539.58,4.27,3.52,0.14,3.54
2025-08-25,000725,4.15,4.1,4.17,4.05,9865265,4095228294.58,2.91,-0.49,-0.02,2.69
2025-08-26,000725,4.09,4.12,4.15,4.07,8765131,3654376545.27,1.95,0.49,0.02,2.39
2025-08-27,000725,4.1,4.07,4.21,4.06,10880526,4567482027.19,3.64,-1.21,-0.05,2.96
2025-08-28,000725,4.09,4.15,4.15,4.04,9417532,3920003211.06,2.7,1.97,0.08,2.57
2025-08-29,000725,4.14,4.17,4.2,4.12,9459847,3992950843.47,1.93,0.48,0.02,2.58
2025-09-01,000725,4.18,4.14,4.19,4.1,7212975,3021058142.82,2.16,-0.72,-0.03,1.97
2025-09-02,000725,4.13,4.05,4.13,4.02,7708188,3183217109.84,2.66,-2.17,-0.09,2.1
2025-09-03,000725,4.06,3.98,4.06,3.96,5745841,2334786394.48,2.47,-1.73,-0.07,1.57
2025-09-04,000725,3.99,3.99,4.09,3.95,9105493,3706548845.83,3.52,0.25,0.01,2.48
2025-09-05,000725,4.01,4.05,4.05,3.97,6266116,2551594521.95,2.01,1.5,0.06,1.71
2025-09-08,000725,4.05,4.07,4.11,4.01,5714248,2351143586.87,2.47,0.49,0.02,1.56
2025-09-09,000725,4.06,4.04,4.07,4.0,4612172,1887151034.97,1.72,-0.74,-0.03,1.26
2025-09-10,000725,4.04,4.02,4.04,4.0,3644817,1487420804.07,0.99,-0.5,-0.02,0.99
2025-09-11,000725,4.02,4.1,4.1,4.0,7051552,2908382788.08,2.49,1.99,0.08,1.92
2025-09-12,000725,4.13,4.11,4.14,4.09,5953652,2483992511.94,1.22,0.24,0.01,1.62
2025-09-15,000725,4.11,4.1,4.19,4.09,5787837,2424286731.28,2.43,-0.24,-0.01,1.58
2025-09-16,000725,4.11,4.07,4.12,4.04,5098731,2103302503.47,1.95,-0.73,-0.03,1.39
2025-09-17,000725,4.07,4.1,4.12,4.04,5275441,2189133372.6,1.97,0.74,0.03,1.44
2025-09-18,000725,4.1,4.08,4.16,4.04,8427306,3514369251.91,2.93,-0.49,-0.02,2.3
2025-09-19,000725,4.06,4.07,4.12,4.06,5535342,2299804726.94,1.47,-0.25,-0.01,1.51
2025-09-22,000725,4.07,4.08,4.12,4.02,5037546,2079566768.02,2.46,0.25,0.01,1.37
2025-09-23,000725,4.09,4.1,4.12,3.99,7129825,2932731471.1,3.19,0.49,0.02,1.94
2025-09-24,000725,4.08,4.15,4.16,4.05,9485993,3974622844.91,2.68,1.22,0.05,2.58
2025-09-25,000725,4.14,4.11,4.15,4.09,6549625,2735280005.23,1.45,-0.96,-0.04,1.78
2025-09-26,000725,4.1,4.04,4.11,4.04,7091058,2923583291.77,1.7,-1.7,-0.07,1.93
2025-09-29,000725,4.04,4.06,4.07,3.98,7313188,2984613077.13,2.23,0.5,0.02,1.99
2025-09-30,000725,4.05,4.1,4.11,4.05,6941580,2880953709.73,1.48,0.99,0.04,1.89
2025-10-09,000725,4.11,4.22,4.28,4.11,11954061,5103439302.74,4.15,2.93,0.12,3.26
2025-10-10,000725,4.2,4.11,4.21,4.1,8704489,3654399538.18,2.61,-2.61,-0.11,2.37
2025-10-13,000725,4.02,4.05,4.06,3.98,10634843,4329024308.48,1.95,-1.46,-0.06,2.9
2025-10-14,000725,4.06,4.0,4.09,3.99,8429045,3454369141.27,2.47,-1.23,-0.05,2.3
2025-10-15,000725,4.01,4.04,4.06,3.99,5682303,2321083017.52,1.75,1.0,0.04,1.55
2025-10-16,000725,4.04,4.02,4.05,4.0,4037343,1648298520.98,1.24,-0.5,-0.02,1.1
2025-10-17,000725,4.01,3.94,4.03,3.94,6538106,2638604171.91,2.24,-1.99,-0.08,1.78
2025-10-20,000725,3.97,3.94,3.98,3.93,4153329,1665718366.02,1.27,0.0,0.0,1.13
2025-10-21,000725,3.95,3.96,3.98,3.94,3495761,1407596039.55,1.02,0.51,0.02,0.95
2025-10-22,000725,3.96,3.96,3.98,3.95,2414811,972181786.55,0.76,0.0,0.0,0.66
2025-10-23,000725,3.96,3.99,3.99,3.94,3398282,1368731170.66,1.26,0.76,0.03,0.93
2025-10-24,000725,3.99,3.99,4.01,3.97,2712258,1098279999.38,1.0,0.0,0.0,0.74
2025-10-27,000725,4.01,4.01,4.02,3.99,3887686,1580741525.83,0.75,0.5,0.02,1.06
2025-10-28,000725,4.0,4.0,4.01,3.98,3409723,1383148119.44,0.75,-0.25,-0.01,0.93
2025-10-29,000725,3.99,4.01,4.02,3.98,3518629,1428652704.78,1.0,0.25,0.01,0.96
2025-10-30,000725,4.01,4.03,4.08,4.0,6314409,2588031797.66,2.0,0.5,0.02,1.72
2025-10-31,000725,4.04,4.0,4.06,3.99,5405928,2205281356.95,1.74,-0.74,-0.03,1.47
2025-11-03,000725,4.0,4.0,4.01,3.97,3778568,1528023304.96,1.0,0.0,0.0,1.03
2025-11-04,000725,3.99,3.94,4.0,3.94,4983636,2003625535.15,1.5,-1.5,-0.06,1.36
2025-11-05,000725,3.93,3.94,3.96,3.9,4124790,1645610521.62,1.52,0.0,0.0,1.12
2025-11-06,000725,3.94,3.94,3.96,3.93,3145669,1259635602.89,0.76,0.0,0.0,0.86
2025-11-07,000725,3.94,3.95,3.96,3.92,3042867,1218198534.24,1.02,0.25,0.01,0.83
2025-11-10,000725,3.95,4.0,4.01,3.93,5715497,2306375736.56,2.03,1.27,0.05,1.56
2025-11-11,000725,4.01,3.98,4.01,3.97,3508117,1419617894.83,1.0,-0.5,-0.02,0.96
2025-11-12,000725,3.98,3.98,4.0,3.95,4891171,1972766399.73,1.26,0.0,0.0,1.33
2025-11-13,000725,3.97,3.98,3.99,3.96,3840010,1548913678.85,0.75,0.0,0.0,1.05
2025-11-14,000725,3.96,3.94,3.97,3.93,3937049,1579251591.96,1.01,-1.01,-0.04,1.07
2025-11-17,000725,3.93,3.9,3.94,3.9,4118777,1637454771.79,1.02,-1.02,-0.04,1.12
2025-11-18,000725,3.9,3.87,3.91,3.86,4187632,1649319682.12,1.28,-0.77,-0.03,1.14
2025-11-19,000725,3.86,3.86,3.88,3.82,4432661,1731734666.05,1.55,-0.26,-0.01,1.21
2025-11-20,000725,3.86,3.84,3.88,3.84,3542675,1388610092.36,1.04,-0.52,-0.02,0.97
2025-11-21,000725,3.82,3.77,3.83,3.76,5257287,2027238704.42,1.82,-1.82,-0.07,1.43
2025-11-24,000725,3.78,3.76,3.79,3.73,4752873,1815626624.72,1.59,-0.27,-0.01,1.29
2025-11-25,000725,3.77,3.79,3.81,3.76,3576158,1378973129.93,1.33,0.8,0.03,0.97
2025-11-26,000725,3.8,3.8,3.82,3.79,2765761,1068537511.54,0.79,0.26,0.01,0.75
2025-11-27,000725,3.8,3.78,3.81,3.77,2477698,953888295.63,1.05,-0.53,-0.02,0.68
2025-11-28,000725,3.78,3.8,3.8,3.76,2353450,904344536.12,1.06,0.53,0.02,0.64
2025-12-01,000725,3.8,3.84,3.85,3.79,3655253,1419026262.43,1.58,1.05,0.04,1.0
2025-12-02,000725,3.84,3.82,3.85,3.81,3142161,1221233044.0,1.04,-0.52,-0.02,0.86
2025-12-03,000725,3.83,3.97,4.02,3.82,13007302,5204396132.33,5.24,3.93,0.15,3.54
2025-12-04,000725,3.96,3.99,4.02,3.95,7947714,3219445781.42,1.76,0.5,0.02,2.17
2025-12-05,000725,3.99,4.2,4.2,3.98,19001403,7914360386.24,5.51,5.26,0.21,5.18
2025-12-08,000725,4.2,4.15,4.29,4.14,11891016,5049918351.53,3.57,-1.19,-0.05,3.24
2025-12-09,000725,4.14,4.11,4.17,4.09,7528103,3147923504.93,1.93,-0.96,-0.04,2.05
2025-12-10,000725,4.11,4.12,4.18,4.09,6945595,2901766001.71,2.19,0.24,0.01,1.89
2025-12-11,000725,4.12,4.05,4.13,4.04,5553656,2295224944.97,2.18,-1.7,-0.07,1.51
2025-12-12,000725,4.06,4.08,4.1,4.03,7000578,2891234201.2,1.73,0.74,0.03,1.91
2025-12-15,000725,4.05,4.07,4.12,4.04,7297572,3022341195.72,1.96,-0.25,-0.01,1.99
2025-12-16,000725,4.08,4.08,4.12,4.05,7693818,3191279290.1,1.72,0.25,0.01,2.1
2025-12-17,000725,4.08,4.11,4.13,4.07,7090170,2949819938.14,1.47,0.74,0.03,1.93
2025-12-18,000725,4.09,4.05,4.1,4.01,6223880,2554903593.31,2.19,-1.46,-0.06,1.7
2025-12-19,000725,4.06,4.03,4.07,4.03,4307934,1769824923.43,0.99,-0.49,-0.02,1.17
2025-12-22,000725,4.03,3.98,4.04,3.97,6908224,2803120678.67,1.74,-1.24,-0.05,1.88
2025-12-23,000725,3.99,3.98,4.0,3.96,5196734,2097091502.2,1.01,0.0,0.0,1.42
2025-12-24,000725,3.97,4.0,4.01,3.94,5238622,2114407389.93,1.76,0.5,0.02,1.43
2025-12-25,000725,3.99,4.0,4.02,3.99,3543810,1440968281.05,0.75,0.0,0.0,0.97
2025-12-26,000725,4.0,3.98,4.01,3.97,3746385,1517451545.0,1.0,-0.5,-0.02,1.02
2025-12-29,000725,3.99,4.07,4.14,3.98,9222854,3810078209.31,4.02,2.26,0.09,2.51
2025-12-30,000725,4.06,4.11,4.14,4.05,6100018,2542195064.93,2.21,0.98,0.04,1.66
2025-12-31,000725,4.11,4.15,4.21,4.09,8178798,3445261536.7,2.92,0.97,0.04,2.23
2026-01-05,000725,4.16,4.17,4.21,4.13,8507616,3594432718.79,1.93,0.48,0.02,2.32
2026-01-06,000725,4.18,4.44,4.48,4.17,21037708,9305295622.99,7.43,6.47,0.27,5.73
2026-01-07,000725,4.39,4.3,4.41,4.27,12759383,5580739006.23,3.15,-3.15,-0.14,3.48
2026-01-08,000725,4.29,4.29,4.33,4.26,6804691,2961903546.2,1.63,-0.23,-0.01,1.87
2026-01-09,000725,4.28,4.35,4.48,4.27,10734674,4769330499.41,4.9,1.4,0.06,2.95
2026-01-12,000725,4.39,4.4,4.45,4.37,8673354,3880721784.57,1.84,1.15,0.05,2.39
2026-01-13,000725,4.42,4.4,4.49,4.38,9137920,4094740340.61,2.5,0.0,0.0,2.51
2026-01-14,000725,4.48,4.54,4.67,4.47,17724766,8199024926.85,4.55,3.18,0.14,4.88
2026-01-15,000725,4.48,4.47,4.55,4.44,8700734,3955664026.33,2.42,-1.54,-0.07,2.39
2026-01-16,000725,4.49,4.4,4.51,4.38,8670026,3877046503.7,2.91,-1.57,-0.07,2.39
2026-01-19,000725,4.37,4.45,4.48,4.36,7046849,3171097851.77,2.73,1.14,0.05,1.94
2026-01-20,000725,4.45,4.39,4.47,4.36,7452622,3316657790.13,2.47,-1.35,-0.06,2.05
2026-01-21,000725,4.38,4.4,4.45,4.37,7448744,3329437118.57,1.82,0.23,0.01,2.05
2026-01-22,000725,4.4,4.34,4.42,4.32,7855615,3464389189.51,2.27,-1.36,-0.06,2.16
2026-01-23,000725,4.35,4.39,4.45,4.33,10667077,4758781998.57,2.76,1.15,0.05,2.94
2026-01-26,000725,4.42,4.41,4.49,4.41,8984303,4049436157.33,1.82,0.46,0.02,2.47
2026-01-27,000725,4.41,4.5,4.54,4.39,10984988,4981911619.65,3.4,2.04,0.09,3.02
2026-01-28,000725,4.49,4.47,4.52,4.44,8123267,3682445601.74,1.78,-0.67,-0.03,2.24
2026-01-29,000725,4.46,4.39,4.48,4.35,8639901,3857667101.01,2.91,-1.79,-0.08,2.38
2026-01-30,000725,4.37,4.31,4.39,4.19,9623973,4172981839.5,4.56,-1.82,-0.08,2.65
2026-02-02,000725,4.26,4.18,4.31,4.17,7248655,3116746259.05,3.25,-3.02,-0.13,1.99
2026-02-03,000725,4.24,4.25,4.27,4.16,6299313,2691952493.38,2.63,1.67,0.07,1.73
2026-02-04,000725,4.24,4.33,4.36,4.23,7454419,3262242003.04,3.06,1.88,0.08,2.05
2026-02-05,000725,4.31,4.35,4.35,4.28,6053282,2650425563.78,1.62,0.46,0.02,1.67
2026-02-06,000725,4.32,4.31,4.36,4.28,4937934,2163713431.13,1.84,-0.92,-0.04,1.36
2026-02-09,000725,4.35,4.29,4.36,4.27,5361545,2337830515.62,2.09,-0.46,-0.02,1.48
2026-02-10,000725,4.28,4.26,4.29,4.21,4476845,1927873395.0,1.86,-0.7,-0.03,1.23
2026-02-11,000725,4.25,4.23,4.28,4.22,3719746,1601277107.8,1.41,-0.7,-0.03,1.02
2026-02-12,000725,4.23,4.17,4.24,4.16,5176990,2198451661.16,1.89,-1.42,-0.06,1.42
2026-02-13,000725,4.15,4.12,4.17,4.11,5374417,2253914034.7,1.44,-1.2,-0.05,1.48
2026-02-24,000725,4.16,4.22,4.24,4.15,5400878,2307072936.99,2.18,2.43,0.1,1.49
2026-02-25,000725,4.23,4.3,4.33,4.22,6011701,2607984134.8,2.61,1.9,0.08,1.65
2026-02-26,000725,4.32,4.27,4.32,4.26,4600392,1998416917.06,1.4,-0.7,-0.03,1.27
2026-02-27,000725,4.27,4.42,4.43,4.26,10992669,4868981871.74,3.98,3.51,0.15,3.02
2026-03-02,000725,4.38,4.43,4.53,4.37,10247288,4626565706.25,3.62,0.23,0.01,2.82
2026-03-03,000725,4.45,4.26,4.47,4.25,9324252,4093258571.02,4.97,-3.84,-0.17,2.57
2026-03-04,000725,4.23,4.26,4.32,4.2,6794714,2942662126.79,2.82,0.0,0.0,1.87
2026-03-05,000725,4.32,4.4,4.47,4.32,10403171,4660702099.17,3.52,3.29,0.14,2.86
2026-03-06,000725,4.36,4.31,4.37,4.25,9379855,4085736970.65,2.73,-2.05,-0.09,2.58
2026-03-09,000725,4.25,4.25,4.27,4.16,8427998,3593024477.2,2.55,-1.39,-0.06,2.32
2026-03-10,000725,4.29,4.29,4.33,4.27,5721243,2494726351.33,1.41,0.94,0.04,1.57
2026-03-11,000725,4.28,4.33,4.34,4.27,5817267,2542860608.51,1.63,0.93,0.04,1.6
2026-03-12,000725,4.34,4.36,4.41,4.32,7535264,3332652943.11,2.08,0.69,0.03,2.07
2026-03-13,000725,4.34,4.3,4.39,4.29,5289828,2328660717.81,2.29,-1.38,-0.06,1.46
2026-03-16,000725,4.28,4.17,4.28,4.14,9061153,3842349740.03,3.26,-3.02,-0.13,2.49
2026-03-17,000725,4.19,4.12,4.21,4.12,5143566,2171472098.79,2.16,-1.2,-0.05,1.42
2026-03-18,000725,4.17,4.14,4.17,4.09,5050721,2111466286.1,1.94,0.49,0.02,1.39
2026-03-19,000725,4.09,4.03,4.1,4.02,5203475,2139925058.08,1.93,-2.66,-0.11,1.43
2026-03-20,000725,4.05,4.02,4.09,4.01,4842912,1993635249.68,1.99,-0.25,-0.01,1.33
2026-03-23,000725,3.95,3.81,3.96,3.79,9139187,3584773806.7,4.23,-5.22,-0.21,2.51
2026-03-24,000725,3.86,3.94,3.94,3.84,5840204,2302680815.04,2.62,3.41,0.13,1.61
2026-03-25,000725,3.97,3.93,3.98,3.92,4393007,1760085995.25,1.52,-0.25,-0.01,1.21
2026-03-26,000725,3.93,3.88,3.95,3.87,3942963,1562818115.25,2.04,-1.27,-0.05,1.08
2026-03-27,000725,3.85,3.89,3.91,3.84,3566305,1408695311.22,1.8,0.26,0.01,0.98
2026-03-30,000725,3.85,3.88,3.89,3.83,3567123,1399472626.62,1.54,-0.26,-0.01,0.98
2026-03-31,000725,3.87,3.85,3.91,3.84,3892818,1532613174.33,1.8,-0.77,-0.03,1.07
2026-04-01,000725,3.95,3.95,4.0,3.91,5831404,2340737070.46,2.34,2.6,0.1,1.6
2026-04-02,000725,3.95,3.89,3.95,3.87,3903945,1548237927.62,2.03,-1.52,-0.06,1.07
2026-04-03,000725,3.9,3.87,3.91,3.86,2770514,1090994954.12,1.29,-0.51,-0.02,0.76
2026-04-07,000725,3.89,3.85,3.89,3.83,3465296,1357383440.42,1.55,-0.52,-0.02,0.95
2026-04-08,000725,3.92,3.97,3.98,3.89,5790905,2313171005.1,2.34,3.12,0.12,1.59
2026-04-09,000725,3.93,3.95,3.97,3.91,4182506,1674086170.55,1.51,-0.5,-0.02,1.15
2026-04-10,000725,3.99,3.98,4.02,3.97,4622698,1874658592.63,1.27,0.76,0.03,1.27
2026-04-13,000725,3.95,3.97,3.98,3.93,4046436,1627020594.46,1.26,-0.25,-0.01,1.11
2026-04-14,000725,3.99,3.96,4.02,3.93,4426941,1780807988.88,2.27,-0.25,-0.01,1.22
2026-04-15,000725,3.98,3.94,4.0,3.94,5348928,2154823754.8,1.52,-0.51,-0.02,1.47
2026-04-16,000725,3.95,3.97,3.98,3.92,4154285,1663886879.83,1.52,0.76,0.03,1.14
2026-04-17,000725,3.95,3.96,3.98,3.94,3098677,1245028831.54,1.01,-0.25,-0.01,0.85
2026-04-20,000725,4.0,4.13,4.18,3.99,11904594,4939630314.15,4.8,4.29,0.17,3.28
2026-04-21,000725,4.13,4.16,4.28,4.08,11348024,4785754663.01,4.84,0.73,0.03,3.12
2026-04-22,000725,4.14,4.21,4.22,4.14,6812882,2896227718.08,1.92,1.2,0.05,1.87
2026-04-23,000725,4.2,4.13,4.23,4.11,6914901,2915342390.55,2.85,-1.9,-0.08,1.9
2026-04-24,000725,4.11,4.07,4.13,4.05,4600998,1905351532.84,1.94,-1.45,-0.06,1.27
2026-04-27,000725,4.09,4.15,4.16,4.07,4824066,2018714635.57,2.21,1.97,0.08,1.33
2026-04-28,000725,4.14,4.09,4.15,4.08,3954386,1647186381.14,1.69,-1.45,-0.06,1.09
2026-04-29,000725,4.08,4.11,4.12,4.06,4140091,1719219083.41,1.47,0.49,0.02,1.14
2026-04-30,000725,4.07,4.02,4.12,4.02,7454049,3060106519.65,2.43,-2.19,-0.09,2.05
2026-05-06,000725,4.05,4.12,4.16,4.03,8280385,3436739693.51,3.23,2.49,0.1,2.28
2026-05-07,000725,4.14,4.15,4.19,4.1,6650426,2796958857.79,2.18,0.73,0.03,1.83
2026-05-08,000725,4.13,4.11,4.13,4.06,6379057,2646109504.9,1.69,-0.96,-0.04,1.76
2026-05-11,000725,4.11,4.13,4.17,4.1,6100840,2556271292.19,1.7,0.49,0.02,1.68
2026-05-12,000725,4.13,4.11,4.17,4.08,6185213,2590545784.2,2.18,-0.48,-0.02,1.7
2026-05-13,000725,4.11,4.17,4.17,4.09,6382206,2678779218.26,1.95,1.46,0.06,1.76
2026-05-14,000725,4.22,4.16,4.27,4.14,8761121,3732635811.57,3.12,-0.24,-0.01,2.41
2026-05-15,000725,4.16,4.08,4.18,4.06,8215945,3418420929.8,2.88,-1.92,-0.08,2.26
2026-05-18,000725,4.06,4.15,4.17,4.02,8399587,3511996411.82,3.68,1.72,0.07,2.31
2026-05-19,000725,4.14,4.25,4.26,4.11,8801051,3740643041.72,3.61,2.41,0.1,2.42
2026-05-20,000725,4.23,4.2,4.25,4.18,5717787,2440830456.59,1.65,-1.18,-0.05,1.57
2026-05-21,000725,4.63,4.63,4.63,4.63,10360100,4858886693.64,0.0,10.24,0.43,2.85
2026-05-22,000725,4.64,5.1,5.1,4.41,60110592,29162865531.99,14.9,10.15,0.47,16.54
2026-05-25,000725,5.11,5.21,5.31,5.0,43088758,22498860485.67,6.08,2.16,0.11,11.86
2026-05-26,000725,5.16,5.71,5.74,5.12,51377251,28645747448.81,11.9,9.6,0.5,14.14
2026-05-27,000725,5.74,5.66,6.03,5.47,50185216,29012705322.23,9.81,-0.88,-0.05,13.81
2026-05-28,000725,5.66,5.62,5.72,5.45,32854869,18529038147.54,4.77,-0.71,-0.04,9.04
2026-05-29,000725,5.57,5.05,5.58,5.05,36253859,19135809571.25,9.43,-10.14,-0.57,9.98
2026-06-01,000725,5.06,5.3,5.53,5.06,33868876,18297384713.54,9.31,4.95,0.25,9.32
2026-06-02,000725,5.25,5.41,5.48,5.05,30258455,16146951841.13,8.11,2.08,0.11,8.33
2026-06-03,000725,5.52,5.53,5.86,5.47,36797584,20984987698.0,7.21,2.22,0.12,10.13
2026-06-04,000725,5.63,6.09,6.09,5.63,33229988,19950265963.81,8.32,10.13,0.56,9.14
2026-06-05,000725,6.05,6.37,6.71,5.95,55041155,35684789248.54,12.48,4.6,0.28,15.15
2026-06-08,000725,6.42,6.23,6.68,6.16,45998759,29701641888.65,8.16,-2.2,-0.14,12.66
2026-06-09,000725,6.43,6.46,6.58,6.08,40031647,25595961243.29,8.03,3.69,0.23,11.32
2026-06-10,000725,6.28,5.97,6.32,5.88,32284804,19645901373.01,6.81,-7.59,-0.49,9.13
2026-06-11,000725,5.94,5.77,6.06,5.64,32996829,19435833039.12,7.04,-3.35,-0.2,9.33
2026-06-12,000725,5.89,5.51,5.95,5.5,29146434,16741278095.7,7.8,-4.51,-0.26,8.24
2026-06-15,000725,5.68,5.86,5.95,5.67,29928307,17610050750.1,5.08,6.35,0.35,8.46
2026-06-16,000725,5.87,6.04,6.17,5.8,26028372,15822472936.35,6.31,3.07,0.18,7.36
2026-06-17,000725,6.0,6.65,6.65,5.99,18550206,12134264342.14,10.93,10.1,0.61,5.25
2026-06-18,000725,6.86,6.55,6.93,6.49,40032427,26654280034.46,6.62,-1.5,-0.1,11.32
2026-06-22,000725,6.8,6.93,7.18,6.68,36729053,25427024792.04,7.63,5.8,0.38,10.39
2026-06-23,000725,6.85,6.77,7.07,6.61,29140578,19894656607.84,6.64,-2.31,-0.16,8.24
2026-06-24,000725,6.7,7.07,7.15,6.57,35877142,24997368682.67,8.57,4.43,0.3,10.14
2026-06-25,000725,7.33,7.52,7.67,7.14,36963548,27560399328.75,7.5,6.36,0.45,10.45
2026-06-26,000725,7.5,7.79,8.24,7.36,45251769,35676682214.4,11.7,3.59,0.27,12.79
2026-06-29,000725,7.96,7.95,8.21,7.51,41524576,32489059964.56,8.99,2.05,0.16,11.74
2026-06-30,000725,8.15,8.68,8.75,8.11,51878997,44556777597.08,8.05,9.18,0.73,14.67
2026-07-01,000725,8.49,8.77,8.81,8.31,46253150,39601267264.3,5.76,1.04,0.09,13.08
2026-07-02,000725,8.15,9.1,9.5,7.89,56618589,49342409554.0,18.36,3.76,0.33,16.01
2026-07-03,000725,8.86,8.38,9.09,8.31,41442067,35597368805.43,8.57,-7.91,-0.72,11.72
2026-07-06,000725,8.21,7.76,8.52,7.74,37087421,29710846049.61,9.31,-7.4,-0.62,10.49
2026-07-07,000725,7.66,7.58,7.84,7.45,28186977,21575002743.3,5.03,-2.32,-0.18,7.97
2026-07-08,000725,7.69,7.63,7.9,7.26,33222878,25344613436.08,8.44,0.66,0.05,9.39
2026-07-09,000725,7.71,8.15,8.18,7.71,37939905,30116575240.89,6.16,6.82,0.52,10.73
2026-07-10,000725,8.16,7.59,8.34,7.59,38046199,30277260673.71,9.2,-6.87,-0.56,10.76
2026-07-13,000725,7.35,6.83,7.41,6.83,31758704,22395174215.18,7.64,-10.01,-0.76,8.98
2026-07-14,000725,6.9,7.02,7.17,6.66,29367326,20295239099.47,7.47,2.78,0.19,8.3
2026-07-15,000725,6.97,6.38,6.97,6.35,30112728,19757452199.2,8.83,-9.12,-0.64,8.51
2026-07-16,000725,6.25,6.05,6.39,5.99,26076559,16097599005.69,6.27,-5.17,-0.33,7.37
2026-07-17,000725,6.09,6.07,6.22,5.88,29568189,17950015441.99,5.62,0.33,0.02,8.36
2026-07-20,000725,6.15,5.79,6.2,5.62,26813210,15825022215.88,9.56,-4.61,-0.28,7.58
2026-07-21,000725,5.83,6.31,6.36,5.62,32003979,19269035393.38,12.78,8.98,0.52,9.05
2026-07-22,000725,6.18,6.04,6.38,5.97,24804252,15314133652.3,6.5,-4.28,-0.27,7.01
2026-07-23,000725,6.07,6.06,6.14,5.95,15753045,9524266823.47,3.15,0.33,0.02,4.45
2026-07-24,000725,5.92,5.79,6.01,5.78,15536425,9139868746.85,3.8,-4.46,-0.27,4.39
2026-07-27,000725,5.76,5.97,5.97,5.61,16274775,9510987829.02,6.22,3.11,0.18,4.6
2026-07-28,000725,5.8,5.58,5.89,5.54,17194932,9805413044.42,5.86,-6.53,-0.39,4.86
2026-07-29,000725,5.67,5.71,5.77,5.54,17218698,9723207156.42,4.12,2.33,0.13,4.87
2026-07-30,000725,5.63,5.36,5.69,5.29,21987199,11990208094.36,7.01,-6.13,-0.35,6.22
2026-07-31,000725,5.69,5.51,5.72,5.51,20659173,11597252907.49,3.92,2.8,0.15,5.84
