window_id,window_start,window_end,network_date,code,name,industry,degree,strength
1,2023-01-04,2024-01-16,2024-01-16,000001,平安银行,银行,7,1.0568327516759315
1,2023-01-04,2024-01-16,2024-01-16,600036,招商银行,银行,9,0.9495504916289613
1,2023-01-04,2024-01-16,2024-01-16,601398,工商银行,银行,4,0.8009590974626529
1,2023-01-04,2024-01-16,2024-01-16,601288,农业银行,银行,4,0.6893879065599842
1,2023-01-04,2024-01-16,2024-01-16,600519,贵州茅台,食品饮料,7,0.8024615865322604
1,2023-01-04,2024-01-16,2024-01-16,000858,五粮液,食品饮料,8,1.0145725406990795
1,2023-01-04,2024-01-16,2024-01-16,000568,泸州老窖,食品饮料,6,0.8783861603023622
1,2023-01-04,2024-01-16,2024-01-16,600887,伊利股份,食品饮料,9,0.5851469533945904
1,2023-01-04,2024-01-16,2024-01-16,002460,赣锋锂业,新能源,6,0.2250627677005851
1,2023-01-04,2024-01-16,2024-01-16,002415,海康威视,电子,7,0.4551097152533986
1,2023-01-04,2024-01-16,2024-01-16,000725,京东方A,电子,6,0.5946273598186651
1,2023-01-04,2024-01-16,2024-01-16,603501,韦尔股份,电子,4,0.48374235380133374
1,2023-01-04,2024-01-16,2024-01-16,002475,立讯精密,电子,5,0.4671820218239971
1,2023-01-04,2024-01-16,2024-01-16,601318,中国平安,非银金融,11,0.882625530437333
1,2023-01-04,2024-01-16,2024-01-16,600030,中信证券,非银金融,11,0.8039359743611552
2,2023-02-08,2024-02-21,2024-02-21,000001,平安银行,银行,7,1.0106970231949746
2,2023-02-08,2024-02-21,2024-02-21,600036,招商银行,银行,9,0.9487083117961935
2,2023-02-08,2024-02-21,2024-02-21,601398,工商银行,银行,4,0.8016322274894296
2,2023-02-08,2024-02-21,2024-02-21,601288,农业银行,银行,3,0.7096280396473142
2,2023-02-08,2024-02-21,2024-02-21,600519,贵州茅台,食品饮料,6,0.7723267277001583
2,2023-02-08,2024-02-21,2024-02-21,000858,五粮液,食品饮料,11,1.0796471636284917
2,2023-02-08,2024-02-21,2024-02-21,000568,泸州老窖,食品饮料,5,0.8560050546042127
2,2023-02-08,2024-02-21,2024-02-21,600887,伊利股份,食品饮料,7,0.5899736674470784
2,2023-02-08,2024-02-21,2024-02-21,002460,赣锋锂业,新能源,7,0.27412341526365347
2,2023-02-08,2024-02-21,2024-02-21,002415,海康威视,电子,7,0.47117589362282675
2,2023-02-08,2024-02-21,2024-02-21,000725,京东方A,电子,7,0.6428354778466578
2,2023-02-08,2024-02-21,2024-02-21,603501,韦尔股份,电子,3,0.49016370696297995
2,2023-02-08,2024-02-21,2024-02-21,002475,立讯精密,电子,5,0.49221253293820194
2,2023-02-08,2024-02-21,2024-02-21,601318,中国平安,非银金融,10,0.9863574774779713
2,2023-02-08,2024-02-21,2024-02-21,600030,中信证券,非银金融,11,0.7835010646822631
3,2023-03-08,2024-03-20,2024-03-20,000001,平安银行,银行,8,1.010227043087826
3,2023-03-08,2024-03-20,2024-03-20,600036,招商银行,银行,8,0.9220456074189005
3,2023-03-08,2024-03-20,2024-03-20,601398,工商银行,银行,4,0.7933656673301801
3,2023-03-08,2024-03-20,2024-03-20,601288,农业银行,银行,4,0.7301275331004754
3,2023-03-08,2024-03-20,2024-03-20,600519,贵州茅台,食品饮料,6,0.7634731879143045
3,2023-03-08,2024-03-20,2024-03-20,000858,五粮液,食品饮料,9,1.089475450683234
3,2023-03-08,2024-03-20,2024-03-20,000568,泸州老窖,食品饮料,7,0.868035085310469
3,2023-03-08,2024-03-20,2024-03-20,600887,伊利股份,食品饮料,7,0.5684283259617683
3,2023-03-08,2024-03-20,2024-03-20,002460,赣锋锂业,新能源,7,0.35898598106228174
3,2023-03-08,2024-03-20,2024-03-20,002415,海康威视,电子,8,0.4800887540780742
3,2023-03-08,2024-03-20,2024-03-20,000725,京东方A,电子,6,0.6562814335956983
3,2023-03-08,2024-03-20,2024-03-20,603501,韦尔股份,电子,4,0.4804445047666535
3,2023-03-08,2024-03-20,2024-03-20,002475,立讯精密,电子,4,0.5061722796481188
3,2023-03-08,2024-03-20,2024-03-20,601318,中国平安,非银金融,11,0.99254121272218
3,2023-03-08,2024-03-20,2024-03-20,600030,中信证券,非银金融,11,0.7448034439097944
4,2023-04-06,2024-04-19,2024-04-19,000001,平安银行,银行,9,1.0405768963673456
4,2023-04-06,2024-04-19,2024-04-19,600036,招商银行,银行,8,0.8886979588602111
4,2023-04-06,2024-04-19,2024-04-19,601398,工商银行,银行,3,0.8083432927995381
4,2023-04-06,2024-04-19,2024-04-19,601288,农业银行,银行,4,0.7196143300052065
4,2023-04-06,2024-04-19,2024-04-19,600519,贵州茅台,食品饮料,6,0.7722540793659425
4,2023-04-06,2024-04-19,2024-04-19,000858,五粮液,食品饮料,10,1.1376165411251973
4,2023-04-06,2024-04-19,2024-04-19,000568,泸州老窖,食品饮料,6,0.8587446431351036
4,2023-04-06,2024-04-19,2024-04-19,600887,伊利股份,食品饮料,7,0.5818372991399128
4,2023-04-06,2024-04-19,2024-04-19,002460,赣锋锂业,新能源,7,0.45605005590874603
4,2023-04-06,2024-04-19,2024-04-19,002415,海康威视,电子,8,0.5033997146662775
4,2023-04-06,2024-04-19,2024-04-19,000725,京东方A,电子,7,0.6187727969139953
4,2023-04-06,2024-04-19,2024-04-19,603501,韦尔股份,电子,4,0.4888019245098596
4,2023-04-06,2024-04-19,2024-04-19,002475,立讯精密,电子,4,0.4604626830017689
4,2023-04-06,2024-04-19,2024-04-19,601318,中国平安,非银金融,10,1.0065026384110254
4,2023-04-06,2024-04-19,2024-04-19,600030,中信证券,非银金融,9,0.7019401724083706
5,2023-05-09,2024-05-22,2024-05-22,000001,平安银行,银行,8,0.9514083175349581
5,2023-05-09,2024-05-22,2024-05-22,600036,招商银行,银行,9,0.9056293594267113
5,2023-05-09,2024-05-22,2024-05-22,601398,工商银行,银行,3,0.7820036696447975
5,2023-05-09,2024-05-22,2024-05-22,601288,农业银行,银行,2,0.6975346687646096
5,2023-05-09,2024-05-22,2024-05-22,600519,贵州茅台,食品饮料,7,0.7883782668373512
5,2023-05-09,2024-05-22,2024-05-22,000858,五粮液,食品饮料,10,1.1674420192038546
5,2023-05-09,2024-05-22,2024-05-22,000568,泸州老窖,食品饮料,7,0.8742842063698033
5,2023-05-09,2024-05-22,2024-05-22,600887,伊利股份,食品饮料,8,0.5462520283319499
5,2023-05-09,2024-05-22,2024-05-22,002460,赣锋锂业,新能源,10,0.50806595202772
5,2023-05-09,2024-05-22,2024-05-22,002415,海康威视,电子,9,0.523501108243614
5,2023-05-09,2024-05-22,2024-05-22,000725,京东方A,电子,7,0.5503555498588076
5,2023-05-09,2024-05-22,2024-05-22,603501,韦尔股份,电子,4,0.5016521671985417
5,2023-05-09,2024-05-22,2024-05-22,002475,立讯精密,电子,7,0.49845458099746337
5,2023-05-09,2024-05-22,2024-05-22,601318,中国平安,非银金融,10,1.1940790647341801
5,2023-05-09,2024-05-22,2024-05-22,600030,中信证券,非银金融,9,0.6846422620948397
6,2023-06-06,2024-06-20,2024-06-20,000001,平安银行,银行,8,0.92312456089106
6,2023-06-06,2024-06-20,2024-06-20,600036,招商银行,银行,8,0.9018010817731483
6,2023-06-06,2024-06-20,2024-06-20,601398,工商银行,银行,3,0.7770155721070171
6,2023-06-06,2024-06-20,2024-06-20,601288,农业银行,银行,3,0.6932717352706789
6,2023-06-06,2024-06-20,2024-06-20,600519,贵州茅台,食品饮料,6,0.7591922511313662
6,2023-06-06,2024-06-20,2024-06-20,000858,五粮液,食品饮料,10,1.1817775442447684
6,2023-06-06,2024-06-20,2024-06-20,000568,泸州老窖,食品饮料,7,0.873107462007799
6,2023-06-06,2024-06-20,2024-06-20,600887,伊利股份,食品饮料,8,0.5276418583395048
6,2023-06-06,2024-06-20,2024-06-20,002460,赣锋锂业,新能源,8,0.5497065703407504
6,2023-06-06,2024-06-20,2024-06-20,002415,海康威视,电子,8,0.5661245485139478
6,2023-06-06,2024-06-20,2024-06-20,000725,京东方A,电子,6,0.5715700996986831
6,2023-06-06,2024-06-20,2024-06-20,603501,韦尔股份,电子,4,0.5456781537574901
6,2023-06-06,2024-06-20,2024-06-20,002475,立讯精密,电子,6,0.4723586813189173
6,2023-06-06,2024-06-20,2024-06-20,601318,中国平安,非银金融,9,1.1982854918543988
6,2023-06-06,2024-06-20,2024-06-20,600030,中信证券,非银金融,8,0.7238704811597523
7,2023-07-06,2024-07-18,2024-07-18,000001,平安银行,银行,8,0.9124050167389477
7,2023-07-06,2024-07-18,2024-07-18,600036,招商银行,银行,7,0.8677610358240483
7,2023-07-06,2024-07-18,2024-07-18,601398,工商银行,银行,3,0.8013324511503763
7,2023-07-06,2024-07-18,2024-07-18,601288,农业银行,银行,2,0.6596960744475064
7,2023-07-06,2024-07-18,2024-07-18,600519,贵州茅台,食品饮料,6,0.7387377985651802
7,2023-07-06,2024-07-18,2024-07-18,000858,五粮液,食品饮料,10,1.19927136615557
7,2023-07-06,2024-07-18,2024-07-18,000568,泸州老窖,食品饮料,8,0.8870543117210321
7,2023-07-06,2024-07-18,2024-07-18,600887,伊利股份,食品饮料,7,0.5188514033701653
7,2023-07-06,2024-07-18,2024-07-18,002460,赣锋锂业,新能源,8,0.5482675039370699
7,2023-07-06,2024-07-18,2024-07-18,002415,海康威视,电子,9,0.688171236622266
7,2023-07-06,2024-07-18,2024-07-18,000725,京东方A,电子,6,0.5529404715470903
7,2023-07-06,2024-07-18,2024-07-18,603501,韦尔股份,电子,4,0.49715632145035504
7,2023-07-06,2024-07-18,2024-07-18,002475,立讯精密,电子,6,0.4678820553566444
7,2023-07-06,2024-07-18,2024-07-18,601318,中国平安,非银金融,9,1.135259487627601
7,2023-07-06,2024-07-18,2024-07-18,600030,中信证券,非银金融,9,0.7324832506864943
8,2023-08-03,2024-08-15,2024-08-15,000001,平安银行,银行,7,0.8423167808082819
8,2023-08-03,2024-08-15,2024-08-15,600036,招商银行,银行,5,0.8309647219304757
8,2023-08-03,2024-08-15,2024-08-15,601398,工商银行,银行,4,0.8124957486046193
8,2023-08-03,2024-08-15,2024-08-15,601288,农业银行,银行,2,0.6842616776825728
8,2023-08-03,2024-08-15,2024-08-15,600519,贵州茅台,食品饮料,6,0.782908422430106
8,2023-08-03,2024-08-15,2024-08-15,000858,五粮液,食品饮料,10,1.170133042141436
8,2023-08-03,2024-08-15,2024-08-15,000568,泸州老窖,食品饮料,8,0.8987750143273722
8,2023-08-03,2024-08-15,2024-08-15,600887,伊利股份,食品饮料,9,0.5795484862297071
8,2023-08-03,2024-08-15,2024-08-15,002460,赣锋锂业,新能源,9,0.6349186332584178
8,2023-08-03,2024-08-15,2024-08-15,002415,海康威视,电子,9,0.72190594248468
8,2023-08-03,2024-08-15,2024-08-15,000725,京东方A,电子,7,0.6470022662278387
8,2023-08-03,2024-08-15,2024-08-15,603501,韦尔股份,电子,6,0.5737047099855289
8,2023-08-03,2024-08-15,2024-08-15,002475,立讯精密,电子,6,0.4902657972629056
8,2023-08-03,2024-08-15,2024-08-15,601318,中国平安,非银金融,9,1.0519689000205519
8,2023-08-03,2024-08-15,2024-08-15,600030,中信证券,非银金融,9,0.7446820687832876
9,2023-08-31,2024-09-12,2024-09-12,000001,平安银行,银行,8,0.7894570330390615
9,2023-08-31,2024-09-12,2024-09-12,600036,招商银行,银行,5,0.7937051174538418
9,2023-08-31,2024-09-12,2024-09-12,601398,工商银行,银行,4,0.7828857180728933
9,2023-08-31,2024-09-12,2024-09-12,601288,农业银行,银行,3,0.7251288883313016
9,2023-08-31,2024-09-12,2024-09-12,600519,贵州茅台,食品饮料,6,0.789303894267715
9,2023-08-31,2024-09-12,2024-09-12,000858,五粮液,食品饮料,11,1.2000488864625125
9,2023-08-31,2024-09-12,2024-09-12,000568,泸州老窖,食品饮料,8,0.9478426535143304
9,2023-08-31,2024-09-12,2024-09-12,600887,伊利股份,食品饮料,7,0.5408686544932833
9,2023-08-31,2024-09-12,2024-09-12,002460,赣锋锂业,新能源,9,0.6101945656311734
9,2023-08-31,2024-09-12,2024-09-12,002415,海康威视,电子,8,0.767769017195558
9,2023-08-31,2024-09-12,2024-09-12,000725,京东方A,电子,8,0.5612113442657636
9,2023-08-31,2024-09-12,2024-09-12,603501,韦尔股份,电子,7,0.6417580884004145
9,2023-08-31,2024-09-12,2024-09-12,002475,立讯精密,电子,5,0.4619448862614512
9,2023-08-31,2024-09-12,2024-09-12,601318,中国平安,非银金融,8,0.9711720429048947
9,2023-08-31,2024-09-12,2024-09-12,600030,中信证券,非银金融,11,0.8228455151199736
10,2023-09-28,2024-10-21,2024-10-21,000001,平安银行,银行,8,0.8957693784531082
10,2023-09-28,2024-10-21,2024-10-21,600036,招商银行,银行,5,0.835551117912754
10,2023-09-28,2024-10-21,2024-10-21,601398,工商银行,银行,3,0.8209576830841798
10,2023-09-28,2024-10-21,2024-10-21,601288,农业银行,银行,3,0.708950351472356
10,2023-09-28,2024-10-21,2024-10-21,600519,贵州茅台,食品饮料,7,0.8493661726321255
10,2023-09-28,2024-10-21,2024-10-21,000858,五粮液,食品饮料,10,1.2421802284879866
10,2023-09-28,2024-10-21,2024-10-21,000568,泸州老窖,食品饮料,9,1.0148036697229872
10,2023-09-28,2024-10-21,2024-10-21,600887,伊利股份,食品饮料,9,0.7240231638778731
10,2023-09-28,2024-10-21,2024-10-21,002460,赣锋锂业,新能源,10,0.7154936629721276
10,2023-09-28,2024-10-21,2024-10-21,002415,海康威视,电子,8,0.9110947094566415
10,2023-09-28,2024-10-21,2024-10-21,000725,京东方A,电子,8,0.7416873045066178
10,2023-09-28,2024-10-21,2024-10-21,603501,韦尔股份,电子,7,0.7875870974608533
10,2023-09-28,2024-10-21,2024-10-21,002475,立讯精密,电子,6,0.5188527096111394
10,2023-09-28,2024-10-21,2024-10-21,601318,中国平安,非银金融,9,1.075195122342762
10,2023-09-28,2024-10-21,2024-10-21,600030,中信证券,非银金融,8,0.6499834503815308
11,2023-11-03,2024-11-18,2024-11-18,000001,平安银行,银行,7,0.8905365233058427
11,2023-11-03,2024-11-18,2024-11-18,600036,招商银行,银行,5,0.8400052635939967
11,2023-11-03,2024-11-18,2024-11-18,601398,工商银行,银行,3,0.8320761837282697
11,2023-11-03,2024-11-18,2024-11-18,601288,农业银行,银行,3,0.7210365476930404
11,2023-11-03,2024-11-18,2024-11-18,600519,贵州茅台,食品饮料,7,0.9257980351187196
11,2023-11-03,2024-11-18,2024-11-18,000858,五粮液,食品饮料,10,1.183081721398035
11,2023-11-03,2024-11-18,2024-11-18,000568,泸州老窖,食品饮料,10,1.016741904062043
11,2023-11-03,2024-11-18,2024-11-18,600887,伊利股份,食品饮料,9,0.759625666972996
11,2023-11-03,2024-11-18,2024-11-18,002460,赣锋锂业,新能源,9,0.7380479278845641
11,2023-11-03,2024-11-18,2024-11-18,002415,海康威视,电子,8,0.935986371078163
11,2023-11-03,2024-11-18,2024-11-18,000725,京东方A,电子,10,0.694283248140021
11,2023-11-03,2024-11-18,2024-11-18,603501,韦尔股份,电子,7,0.8084301538648524
11,2023-11-03,2024-11-18,2024-11-18,002475,立讯精密,电子,6,0.4956468308449061
11,2023-11-03,2024-11-18,2024-11-18,601318,中国平安,非银金融,9,1.066562699308193
11,2023-11-03,2024-11-18,2024-11-18,600030,中信证券,非银金融,9,0.6582333405851343
12,2023-12-01,2024-12-16,2024-12-16,000001,平安银行,银行,7,0.8851503788209706
12,2023-12-01,2024-12-16,2024-12-16,600036,招商银行,银行,4,0.8494227167174616
12,2023-12-01,2024-12-16,2024-12-16,601398,工商银行,银行,3,0.8417182406002608
12,2023-12-01,2024-12-16,2024-12-16,601288,农业银行,银行,2,0.7206782686932794
12,2023-12-01,2024-12-16,2024-12-16,600519,贵州茅台,食品饮料,7,0.9232075280222066
12,2023-12-01,2024-12-16,2024-12-16,000858,五粮液,食品饮料,10,1.1896215871632498
12,2023-12-01,2024-12-16,2024-12-16,000568,泸州老窖,食品饮料,9,1.0267390534791174
12,2023-12-01,2024-12-16,2024-12-16,600887,伊利股份,食品饮料,9,0.7671833905589369
12,2023-12-01,2024-12-16,2024-12-16,002460,赣锋锂业,新能源,9,0.6811013378367317
12,2023-12-01,2024-12-16,2024-12-16,002415,海康威视,电子,8,0.9344637885923965
12,2023-12-01,2024-12-16,2024-12-16,000725,京东方A,电子,10,0.6940159251270054
12,2023-12-01,2024-12-16,2024-12-16,603501,韦尔股份,电子,6,0.8588856096423497
12,2023-12-01,2024-12-16,2024-12-16,002475,立讯精密,电子,6,0.4923477521582698
12,2023-12-01,2024-12-16,2024-12-16,601318,中国平安,非银金融,9,1.0885219355561766
12,2023-12-01,2024-12-16,2024-12-16,600030,中信证券,非银金融,9,0.6703027020945224
13,2023-12-29,2025-01-14,2025-01-14,000001,平安银行,银行,8,0.894746823100022
13,2023-12-29,2025-01-14,2025-01-14,600036,招商银行,银行,5,0.84978733815677
13,2023-12-29,2025-01-14,2025-01-14,601398,工商银行,银行,3,0.848181070697625
13,2023-12-29,2025-01-14,2025-01-14,601288,农业银行,银行,4,0.7089234498045407
13,2023-12-29,2025-01-14,2025-01-14,600519,贵州茅台,食品饮料,6,0.9049160866153199
13,2023-12-29,2025-01-14,2025-01-14,000858,五粮液,食品饮料,10,1.1847038811542911
13,2023-12-29,2025-01-14,2025-01-14,000568,泸州老窖,食品饮料,10,1.025053193920589
13,2023-12-29,2025-01-14,2025-01-14,600887,伊利股份,食品饮料,9,0.7401845425064734
13,2023-12-29,2025-01-14,2025-01-14,002460,赣锋锂业,新能源,9,0.668821808776942
13,2023-12-29,2025-01-14,2025-01-14,002415,海康威视,电子,9,0.9602675054062274
13,2023-12-29,2025-01-14,2025-01-14,000725,京东方A,电子,10,0.7258512893728025
13,2023-12-29,2025-01-14,2025-01-14,603501,韦尔股份,电子,6,0.8695184392827655
13,2023-12-29,2025-01-14,2025-01-14,002475,立讯精密,电子,6,0.5131609279812746
13,2023-12-29,2025-01-14,2025-01-14,601318,中国平安,非银金融,10,1.0842523144880711
13,2023-12-29,2025-01-14,2025-01-14,600030,中信证券,非银金融,9,0.6937025516687525
14,2024-01-29,2025-02-19,2025-02-19,000001,平安银行,银行,8,0.8886978408181412
14,2024-01-29,2025-02-19,2025-02-19,600036,招商银行,银行,5,0.8637559188183216
14,2024-01-29,2025-02-19,2025-02-19,601398,工商银行,银行,3,0.8500077940651896
14,2024-01-29,2025-02-19,2025-02-19,601288,农业银行,银行,4,0.7187154696172668
14,2024-01-29,2025-02-19,2025-02-19,600519,贵州茅台,食品饮料,7,0.9220671584318795
14,2024-01-29,2025-02-19,2025-02-19,000858,五粮液,食品饮料,10,1.1761141948061506
14,2024-01-29,2025-02-19,2025-02-19,000568,泸州老窖,食品饮料,9,1.0172796792616017
14,2024-01-29,2025-02-19,2025-02-19,600887,伊利股份,食品饮料,9,0.7129772432492415
14,2024-01-29,2025-02-19,2025-02-19,002460,赣锋锂业,新能源,9,0.6834128406544482
14,2024-01-29,2025-02-19,2025-02-19,002415,海康威视,电子,10,0.9275771100410554
14,2024-01-29,2025-02-19,2025-02-19,000725,京东方A,电子,10,0.7401806785016165
14,2024-01-29,2025-02-19,2025-02-19,603501,韦尔股份,电子,5,0.7923860471788157
14,2024-01-29,2025-02-19,2025-02-19,002475,立讯精密,电子,6,0.5460443216327815
14,2024-01-29,2025-02-19,2025-02-19,601318,中国平安,非银金融,10,1.0886675532908046
14,2024-01-29,2025-02-19,2025-02-19,600030,中信证券,非银金融,9,0.7216520190179632
15,2024-03-05,2025-03-19,2025-03-19,000001,平安银行,银行,9,0.9129009274136365
15,2024-03-05,2025-03-19,2025-03-19,600036,招商银行,银行,5,0.8426088347199279
15,2024-03-05,2025-03-19,2025-03-19,601398,工商银行,银行,3,0.8506634322351256
15,2024-03-05,2025-03-19,2025-03-19,601288,农业银行,银行,4,0.7401030625669517
15,2024-03-05,2025-03-19,2025-03-19,600519,贵州茅台,食品饮料,7,0.9312050583838132
15,2024-03-05,2025-03-19,2025-03-19,000858,五粮液,食品饮料,10,1.1647097333035827
15,2024-03-05,2025-03-19,2025-03-19,000568,泸州老窖,食品饮料,7,0.9703300120289974
15,2024-03-05,2025-03-19,2025-03-19,600887,伊利股份,食品饮料,9,0.7354056960816377
15,2024-03-05,2025-03-19,2025-03-19,002460,赣锋锂业,新能源,9,0.6790324811007639
15,2024-03-05,2025-03-19,2025-03-19,002415,海康威视,电子,9,0.8789720841047525
15,2024-03-05,2025-03-19,2025-03-19,000725,京东方A,电子,9,0.7476469594654971
15,2024-03-05,2025-03-19,2025-03-19,603501,韦尔股份,电子,5,0.7913093992576264
15,2024-03-05,2025-03-19,2025-03-19,002475,立讯精密,电子,7,0.5396199614632055
15,2024-03-05,2025-03-19,2025-03-19,601318,中国平安,非银金融,10,1.1181987279553627
15,2024-03-05,2025-03-19,2025-03-19,600030,中信证券,非银金融,9,0.74254658387908
16,2024-04-02,2025-04-17,2025-04-17,000001,平安银行,银行,8,0.9410464168487355
16,2024-04-02,2025-04-17,2025-04-17,600036,招商银行,银行,5,0.8187094846410636
16,2024-04-02,2025-04-17,2025-04-17,601398,工商银行,银行,3,0.8357391627445044
16,2024-04-02,2025-04-17,2025-04-17,601288,农业银行,银行,4,0.7189980648404147
16,2024-04-02,2025-04-17,2025-04-17,600519,贵州茅台,食品饮料,7,0.9251718857801918
16,2024-04-02,2025-04-17,2025-04-17,000858,五粮液,食品饮料,9,1.1333412218418826
16,2024-04-02,2025-04-17,2025-04-17,000568,泸州老窖,食品饮料,7,0.9923595007000554
16,2024-04-02,2025-04-17,2025-04-17,600887,伊利股份,食品饮料,9,0.7061162233342034
16,2024-04-02,2025-04-17,2025-04-17,002460,赣锋锂业,新能源,9,0.6580852477975984
16,2024-04-02,2025-04-17,2025-04-17,002415,海康威视,电子,9,0.885359109565271
16,2024-04-02,2025-04-17,2025-04-17,000725,京东方A,电子,9,0.8121825928241067
16,2024-04-02,2025-04-17,2025-04-17,603501,韦尔股份,电子,5,0.8205339813335282
16,2024-04-02,2025-04-17,2025-04-17,002475,立讯精密,电子,5,0.5844524504414514
16,2024-04-02,2025-04-17,2025-04-17,601318,中国平安,非银金融,10,1.1394673942653781
16,2024-04-02,2025-04-17,2025-04-17,600030,中信证券,非银金融,9,0.7830267516531028
17,2024-05-07,2025-05-20,2025-05-20,000001,平安银行,银行,8,0.9467603259863184
17,2024-05-07,2025-05-20,2025-05-20,600036,招商银行,银行,5,0.8258751648551677
17,2024-05-07,2025-05-20,2025-05-20,601398,工商银行,银行,3,0.8492583797814883
17,2024-05-07,2025-05-20,2025-05-20,601288,农业银行,银行,4,0.716385936616695
17,2024-05-07,2025-05-20,2025-05-20,600519,贵州茅台,食品饮料,7,0.92709473640007
17,2024-05-07,2025-05-20,2025-05-20,000858,五粮液,食品饮料,9,1.1384591611049322
17,2024-05-07,2025-05-20,2025-05-20,000568,泸州老窖,食品饮料,8,1.0092419990380619
17,2024-05-07,2025-05-20,2025-05-20,600887,伊利股份,食品饮料,9,0.6840727125755028
17,2024-05-07,2025-05-20,2025-05-20,002460,赣锋锂业,新能源,9,0.6758499856448079
17,2024-05-07,2025-05-20,2025-05-20,002415,海康威视,电子,10,0.8972484405635454
17,2024-05-07,2025-05-20,2025-05-20,000725,京东方A,电子,9,0.8416825615603496
17,2024-05-07,2025-05-20,2025-05-20,603501,韦尔股份,电子,5,0.7917463157024034
17,2024-05-07,2025-05-20,2025-05-20,002475,立讯精密,电子,5,0.5553223732510763
17,2024-05-07,2025-05-20,2025-05-20,601318,中国平安,非银金融,10,1.106554715211522
17,2024-05-07,2025-05-20,2025-05-20,600030,中信证券,非银金融,9,0.7945461218939155
18,2024-06-04,2025-06-18,2025-06-18,000001,平安银行,银行,8,0.9226938250988208
18,2024-06-04,2025-06-18,2025-06-18,600036,招商银行,银行,5,0.8329573476724896
18,2024-06-04,2025-06-18,2025-06-18,601398,工商银行,银行,3,0.8395172905433974
18,2024-06-04,2025-06-18,2025-06-18,601288,农业银行,银行,4,0.7302912852487953
18,2024-06-04,2025-06-18,2025-06-18,600519,贵州茅台,食品饮料,7,0.9428103385893003
18,2024-06-04,2025-06-18,2025-06-18,000858,五粮液,食品饮料,9,1.129677449874828
18,2024-06-04,2025-06-18,2025-06-18,000568,泸州老窖,食品饮料,8,1.0156918143437175
18,2024-06-04,2025-06-18,2025-06-18,600887,伊利股份,食品饮料,8,0.6818226337356392
18,2024-06-04,2025-06-18,2025-06-18,002460,赣锋锂业,新能源,9,0.6705640907955126
18,2024-06-04,2025-06-18,2025-06-18,002415,海康威视,电子,9,0.8910227905587127
18,2024-06-04,2025-06-18,2025-06-18,000725,京东方A,电子,9,0.8646093428395639
18,2024-06-04,2025-06-18,2025-06-18,603501,韦尔股份,电子,5,0.8006354329968989
18,2024-06-04,2025-06-18,2025-06-18,002475,立讯精密,电子,5,0.5656711815701001
18,2024-06-04,2025-06-18,2025-06-18,601318,中国平安,非银金融,10,1.1099628234281007
18,2024-06-04,2025-06-18,2025-06-18,600030,中信证券,非银金融,9,0.7853102778826551
19,2024-07-03,2025-07-16,2025-07-16,000001,平安银行,银行,9,0.8909575653112584
19,2024-07-03,2025-07-16,2025-07-16,600036,招商银行,银行,5,0.842500774864587
19,2024-07-03,2025-07-16,2025-07-16,601398,工商银行,银行,3,0.8276072208183468
19,2024-07-03,2025-07-16,2025-07-16,601288,农业银行,银行,3,0.7418240786631224
19,2024-07-03,2025-07-16,2025-07-16,600519,贵州茅台,食品饮料,8,0.9875417951957053
19,2024-07-03,2025-07-16,2025-07-16,000858,五粮液,食品饮料,9,1.1257712276830019
19,2024-07-03,2025-07-16,2025-07-16,000568,泸州老窖,食品饮料,8,1.0051564789804064
19,2024-07-03,2025-07-16,2025-07-16,600887,伊利股份,食品饮料,8,0.678082070962826
19,2024-07-03,2025-07-16,2025-07-16,002460,赣锋锂业,新能源,8,0.6441568168315193
19,2024-07-03,2025-07-16,2025-07-16,002415,海康威视,电子,9,0.9306608799632972
19,2024-07-03,2025-07-16,2025-07-16,000725,京东方A,电子,9,0.8667630412331897
19,2024-07-03,2025-07-16,2025-07-16,603501,韦尔股份,电子,5,0.8030248219213446
19,2024-07-03,2025-07-16,2025-07-16,002475,立讯精密,电子,5,0.5726632699933936
19,2024-07-03,2025-07-16,2025-07-16,601318,中国平安,非银金融,10,1.102336825431832
19,2024-07-03,2025-07-16,2025-07-16,600030,中信证券,非银金融,9,0.7724230639638942
20,2024-07-31,2025-08-13,2025-08-13,000001,平安银行,银行,8,0.890163165781248
20,2024-07-31,2025-08-13,2025-08-13,600036,招商银行,银行,5,0.8277978724789337
20,2024-07-31,2025-08-13,2025-08-13,601398,工商银行,银行,3,0.8295879492940232
20,2024-07-31,2025-08-13,2025-08-13,601288,农业银行,银行,3,0.724633290862711
20,2024-07-31,2025-08-13,2025-08-13,600519,贵州茅台,食品饮料,8,0.9787591127797832
20,2024-07-31,2025-08-13,2025-08-13,000858,五粮液,食品饮料,9,1.1251537739707265
20,2024-07-31,2025-08-13,2025-08-13,000568,泸州老窖,食品饮料,9,1.0041317939629892
20,2024-07-31,2025-08-13,2025-08-13,600887,伊利股份,食品饮料,8,0.6727357118570033
20,2024-07-31,2025-08-13,2025-08-13,002460,赣锋锂业,新能源,9,0.6173049125917068
20,2024-07-31,2025-08-13,2025-08-13,002415,海康威视,电子,9,0.8751971881479395
20,2024-07-31,2025-08-13,2025-08-13,000725,京东方A,电子,10,0.9185320128374495
20,2024-07-31,2025-08-13,2025-08-13,603501,韦尔股份,电子,5,0.8071906878566041
20,2024-07-31,2025-08-13,2025-08-13,002475,立讯精密,电子,5,0.5886470119122255
20,2024-07-31,2025-08-13,2025-08-13,601318,中国平安,非银金融,10,1.1416910384725272
20,2024-07-31,2025-08-13,2025-08-13,600030,中信证券,非银金融,9,0.7708186865518069
21,2024-08-28,2025-09-10,2025-09-10,000001,平安银行,银行,8,0.8762944182439895
21,2024-08-28,2025-09-10,2025-09-10,600036,招商银行,银行,5,0.8359891774595816
21,2024-08-28,2025-09-10,2025-09-10,601398,工商银行,银行,3,0.8521870292745011
21,2024-08-28,2025-09-10,2025-09-10,601288,农业银行,银行,3,0.6763362475742889
21,2024-08-28,2025-09-10,2025-09-10,600519,贵州茅台,食品饮料,8,0.9701238657761386
21,2024-08-28,2025-09-10,2025-09-10,000858,五粮液,食品饮料,9,1.1547194455391951
21,2024-08-28,2025-09-10,2025-09-10,000568,泸州老窖,食品饮料,9,0.9990816343184746
21,2024-08-28,2025-09-10,2025-09-10,600887,伊利股份,食品饮料,7,0.6628201887446034
21,2024-08-28,2025-09-10,2025-09-10,002460,赣锋锂业,新能源,9,0.5992852925529121
21,2024-08-28,2025-09-10,2025-09-10,002415,海康威视,电子,9,0.9026151940244052
21,2024-08-28,2025-09-10,2025-09-10,000725,京东方A,电子,10,0.9024475984052601
21,2024-08-28,2025-09-10,2025-09-10,603501,韦尔股份,电子,5,0.8010357204250291
21,2024-08-28,2025-09-10,2025-09-10,002475,立讯精密,电子,5,0.5864523485936407
21,2024-08-28,2025-09-10,2025-09-10,601318,中国平安,非银金融,10,1.1445475402996825
21,2024-08-28,2025-09-10,2025-09-10,600030,中信证券,非银金融,8,0.7372851484664642
22,2024-09-27,2025-10-16,2025-10-16,000001,平安银行,银行,8,0.8789739652080433
22,2024-09-27,2025-10-16,2025-10-16,600036,招商银行,银行,6,0.8562779532921231
22,2024-09-27,2025-10-16,2025-10-16,601398,工商银行,银行,3,0.7908920339476374
22,2024-09-27,2025-10-16,2025-10-16,601288,农业银行,银行,4,0.712910312265469
22,2024-09-27,2025-10-16,2025-10-16,600519,贵州茅台,食品饮料,8,0.9495275322202724
22,2024-09-27,2025-10-16,2025-10-16,000858,五粮液,食品饮料,9,1.1706821370743106
22,2024-09-27,2025-10-16,2025-10-16,000568,泸州老窖,食品饮料,9,0.9472168229739709
22,2024-09-27,2025-10-16,2025-10-16,600887,伊利股份,食品饮料,6,0.6144781069294457
22,2024-09-27,2025-10-16,2025-10-16,002460,赣锋锂业,新能源,7,0.5152270961712078
22,2024-09-27,2025-10-16,2025-10-16,002415,海康威视,电子,8,0.8290213835555711
22,2024-09-27,2025-10-16,2025-10-16,000725,京东方A,电子,11,1.0215589504422162
22,2024-09-27,2025-10-16,2025-10-16,603501,韦尔股份,电子,6,0.7890413522223986
22,2024-09-27,2025-10-16,2025-10-16,002475,立讯精密,电子,5,0.5424679561790933
22,2024-09-27,2025-10-16,2025-10-16,601318,中国平安,非银金融,10,1.1546896134855618
22,2024-09-27,2025-10-16,2025-10-16,600030,中信证券,非银金融,8,0.6789941279355889
23,2024-11-01,2025-11-13,2025-11-13,000001,平安银行,银行,8,0.7262531897380753
23,2024-11-01,2025-11-13,2025-11-13,600036,招商银行,银行,5,0.8028816041031269
23,2024-11-01,2025-11-13,2025-11-13,601398,工商银行,银行,3,0.8499008721376032
23,2024-11-01,2025-11-13,2025-11-13,601288,农业银行,银行,3,0.6445184255763997
23,2024-11-01,2025-11-13,2025-11-13,600519,贵州茅台,食品饮料,6,0.9828249771628668
23,2024-11-01,2025-11-13,2025-11-13,000858,五粮液,食品饮料,9,1.114845715009816
23,2024-11-01,2025-11-13,2025-11-13,000568,泸州老窖,食品饮料,5,0.8011798399618885
23,2024-11-01,2025-11-13,2025-11-13,600887,伊利股份,食品饮料,5,0.5055899427848213
23,2024-11-01,2025-11-13,2025-11-13,002460,赣锋锂业,新能源,6,0.3327221906198723
23,2024-11-01,2025-11-13,2025-11-13,002415,海康威视,电子,6,0.6422900593479702
23,2024-11-01,2025-11-13,2025-11-13,000725,京东方A,电子,8,0.9255807728036447
23,2024-11-01,2025-11-13,2025-11-13,603501,韦尔股份,电子,5,0.6749383401341569
23,2024-11-01,2025-11-13,2025-11-13,002475,立讯精密,电子,3,0.5099624743989156
23,2024-11-01,2025-11-13,2025-11-13,601318,中国平安,非银金融,8,1.072080971148813
23,2024-11-01,2025-11-13,2025-11-13,600030,中信证券,非银金融,8,0.9473936693352883
24,2024-11-29,2025-12-11,2025-12-11,000001,平安银行,银行,6,0.6988137062773254
24,2024-11-29,2025-12-11,2025-12-11,600036,招商银行,银行,5,0.7927417533327226
24,2024-11-29,2025-12-11,2025-12-11,601398,工商银行,银行,3,0.8471163088934177
24,2024-11-29,2025-12-11,2025-12-11,601288,农业银行,银行,3,0.6278683796377375
24,2024-11-29,2025-12-11,2025-12-11,600519,贵州茅台,食品饮料,6,0.9604405909203205
24,2024-11-29,2025-12-11,2025-12-11,000858,五粮液,食品饮料,8,1.117894161370473
24,2024-11-29,2025-12-11,2025-12-11,000568,泸州老窖,食品饮料,5,0.7612179913669003
24,2024-11-29,2025-12-11,2025-12-11,600887,伊利股份,食品饮料,5,0.4560629095214242
24,2024-11-29,2025-12-11,2025-12-11,002460,赣锋锂业,新能源,5,0.3268713189809866
24,2024-11-29,2025-12-11,2025-12-11,002415,海康威视,电子,6,0.5621854546562639
24,2024-11-29,2025-12-11,2025-12-11,000725,京东方A,电子,7,0.8444006666388004
24,2024-11-29,2025-12-11,2025-12-11,603501,韦尔股份,电子,4,0.6065945754167685
24,2024-11-29,2025-12-11,2025-12-11,002475,立讯精密,电子,5,0.5454486920988607
24,2024-11-29,2025-12-11,2025-12-11,601318,中国平安,非银金融,7,0.9608321454184293
24,2024-11-29,2025-12-11,2025-12-11,600030,中信证券,非银金融,9,1.0677582992938177
25,2024-12-27,2026-01-12,2026-01-12,000001,平安银行,银行,7,0.6693800919847014
25,2024-12-27,2026-01-12,2026-01-12,600036,招商银行,银行,5,0.7372070460601781
25,2024-12-27,2026-01-12,2026-01-12,601398,工商银行,银行,3,0.8514288545040268
25,2024-12-27,2026-01-12,2026-01-12,601288,农业银行,银行,3,0.6101965592132023
25,2024-12-27,2026-01-12,2026-01-12,600519,贵州茅台,食品饮料,7,0.9712694611614557
25,2024-12-27,2026-01-12,2026-01-12,000858,五粮液,食品饮料,8,1.107497278652724
25,2024-12-27,2026-01-12,2026-01-12,000568,泸州老窖,食品饮料,4,0.7366123382625844
25,2024-12-27,2026-01-12,2026-01-12,600887,伊利股份,食品饮料,5,0.40919940977832464
25,2024-12-27,2026-01-12,2026-01-12,002460,赣锋锂业,新能源,6,0.342753603538763
25,2024-12-27,2026-01-12,2026-01-12,002415,海康威视,电子,6,0.5895549146038211
25,2024-12-27,2026-01-12,2026-01-12,000725,京东方A,电子,6,0.755832518577619
25,2024-12-27,2026-01-12,2026-01-12,603501,韦尔股份,电子,4,0.6049699172285004
25,2024-12-27,2026-01-12,2026-01-12,002475,立讯精密,电子,5,0.5369038425895849
25,2024-12-27,2026-01-12,2026-01-12,601318,中国平安,非银金融,7,0.8907744248624008
25,2024-12-27,2026-01-12,2026-01-12,600030,中信证券,非银金融,8,1.0982402307734886
26,2025-01-27,2026-02-09,2026-02-09,000001,平安银行,银行,7,0.6262040952285264
26,2025-01-27,2026-02-09,2026-02-09,600036,招商银行,银行,5,0.7747281995219619
26,2025-01-27,2026-02-09,2026-02-09,601398,工商银行,银行,3,0.8519566524054911
26,2025-01-27,2026-02-09,2026-02-09,601288,农业银行,银行,3,0.585516241502748
26,2025-01-27,2026-02-09,2026-02-09,600519,贵州茅台,食品饮料,6,0.9802397182372973
26,2025-01-27,2026-02-09,2026-02-09,000858,五粮液,食品饮料,6,1.0539911662211223
26,2025-01-27,2026-02-09,2026-02-09,000568,泸州老窖,食品饮料,5,0.7465512697259988
26,2025-01-27,2026-02-09,2026-02-09,600887,伊利股份,食品饮料,6,0.44034949991726924
26,2025-01-27,2026-02-09,2026-02-09,002460,赣锋锂业,新能源,4,0.29790657158388284
26,2025-01-27,2026-02-09,2026-02-09,002415,海康威视,电子,4,0.5223006319209429
26,2025-01-27,2026-02-09,2026-02-09,000725,京东方A,电子,6,0.6668369220246946
26,2025-01-27,2026-02-09,2026-02-09,603501,韦尔股份,电子,4,0.5642347807819994
26,2025-01-27,2026-02-09,2026-02-09,002475,立讯精密,电子,4,0.48685404189149956
26,2025-01-27,2026-02-09,2026-02-09,601318,中国平安,非银金融,7,0.8744808615299898
26,2025-01-27,2026-02-09,2026-02-09,600030,中信证券,非银金融,10,1.0564245910686871
27,2025-03-04,2026-03-17,2026-03-17,000001,平安银行,银行,8,0.6535356453243394
27,2025-03-04,2026-03-17,2026-03-17,600036,招商银行,银行,5,0.7706618077890992
27,2025-03-04,2026-03-17,2026-03-17,601398,工商银行,银行,4,0.8898492610808791
27,2025-03-04,2026-03-17,2026-03-17,601288,农业银行,银行,3,0.5740273300518601
27,2025-03-04,2026-03-17,2026-03-17,600519,贵州茅台,食品饮料,6,0.95375849167068
27,2025-03-04,2026-03-17,2026-03-17,000858,五粮液,食品饮料,7,1.0490824185897798
27,2025-03-04,2026-03-17,2026-03-17,000568,泸州老窖,食品饮料,5,0.7651542435069889
27,2025-03-04,2026-03-17,2026-03-17,600887,伊利股份,食品饮料,6,0.4602890898372319
27,2025-03-04,2026-03-17,2026-03-17,002460,赣锋锂业,新能源,5,0.30113343329520414
27,2025-03-04,2026-03-17,2026-03-17,002415,海康威视,电子,6,0.5324218874538135
27,2025-03-04,2026-03-17,2026-03-17,000725,京东方A,电子,5,0.6717166403540128
27,2025-03-04,2026-03-17,2026-03-17,603501,韦尔股份,电子,6,0.684322404493877
27,2025-03-04,2026-03-17,2026-03-17,002475,立讯精密,电子,5,0.5024124798825668
27,2025-03-04,2026-03-17,2026-03-17,601318,中国平安,非银金融,6,0.8732397770937688
27,2025-03-04,2026-03-17,2026-03-17,600030,中信证券,非银金融,11,1.051596948396979
28,2025-04-01,2026-04-15,2026-04-15,000001,平安银行,银行,8,0.8326857633658192
28,2025-04-01,2026-04-15,2026-04-15,600036,招商银行,银行,5,0.7989078181329851
28,2025-04-01,2026-04-15,2026-04-15,601398,工商银行,银行,4,0.8653098438204418
28,2025-04-01,2026-04-15,2026-04-15,601288,农业银行,银行,3,0.5879095243832165
28,2025-04-01,2026-04-15,2026-04-15,600519,贵州茅台,食品饮料,6,0.8769537588369137
28,2025-04-01,2026-04-15,2026-04-15,000858,五粮液,食品饮料,7,1.0415581116601795
28,2025-04-01,2026-04-15,2026-04-15,000568,泸州老窖,食品饮料,5,0.8116537624625634
28,2025-04-01,2026-04-15,2026-04-15,600887,伊利股份,食品饮料,6,0.42916811351340045
28,2025-04-01,2026-04-15,2026-04-15,002460,赣锋锂业,新能源,5,0.2649798770786762
28,2025-04-01,2026-04-15,2026-04-15,002415,海康威视,电子,7,0.6314104285106054
28,2025-04-01,2026-04-15,2026-04-15,000725,京东方A,电子,7,0.7085314540334039
28,2025-04-01,2026-04-15,2026-04-15,603501,韦尔股份,电子,6,0.6921049368498379
28,2025-04-01,2026-04-15,2026-04-15,002475,立讯精密,电子,5,0.5185661702961752
28,2025-04-01,2026-04-15,2026-04-15,601318,中国平安,非银金融,6,0.8435178355467103
28,2025-04-01,2026-04-15,2026-04-15,600030,中信证券,非银金融,10,1.0211428915656702
29,2025-04-30,2026-05-18,2026-05-18,000001,平安银行,银行,6,0.69624901767141
29,2025-04-30,2026-05-18,2026-05-18,600036,招商银行,银行,5,0.7391101902896262
29,2025-04-30,2026-05-18,2026-05-18,601398,工商银行,银行,4,0.9010291903686721
29,2025-04-30,2026-05-18,2026-05-18,601288,农业银行,银行,4,0.5751324750724994
29,2025-04-30,2026-05-18,2026-05-18,600519,贵州茅台,食品饮料,5,0.8089274329141208
29,2025-04-30,2026-05-18,2026-05-18,000858,五粮液,食品饮料,7,0.916560159751046
29,2025-04-30,2026-05-18,2026-05-18,000568,泸州老窖,食品饮料,5,0.8247941572959798
29,2025-04-30,2026-05-18,2026-05-18,600887,伊利股份,食品饮料,6,0.39307676970860234
29,2025-04-30,2026-05-18,2026-05-18,002460,赣锋锂业,新能源,4,0.13219237768817524
29,2025-04-30,2026-05-18,2026-05-18,002415,海康威视,电子,7,0.48798485513592227
29,2025-04-30,2026-05-18,2026-05-18,000725,京东方A,电子,5,0.52904706603396
29,2025-04-30,2026-05-18,2026-05-18,603501,韦尔股份,电子,6,0.665687773707966
29,2025-04-30,2026-05-18,2026-05-18,002475,立讯精密,电子,5,0.49982686506627794
29,2025-04-30,2026-05-18,2026-05-18,601318,中国平安,非银金融,7,0.8595135225982071
29,2025-04-30,2026-05-18,2026-05-18,600030,中信证券,非银金融,8,0.8897105284174053
30,2025-06-03,2026-06-15,2026-06-15,000001,平安银行,银行,6,0.7821370985312756
30,2025-06-03,2026-06-15,2026-06-15,600036,招商银行,银行,5,0.7278416938501333
30,2025-06-03,2026-06-15,2026-06-15,601398,工商银行,银行,5,0.9398350416499811
30,2025-06-03,2026-06-15,2026-06-15,601288,农业银行,银行,4,0.5609286251224285
30,2025-06-03,2026-06-15,2026-06-15,600519,贵州茅台,食品饮料,5,0.823398743807554
30,2025-06-03,2026-06-15,2026-06-15,000858,五粮液,食品饮料,6,0.9382650292722098
30,2025-06-03,2026-06-15,2026-06-15,000568,泸州老窖,食品饮料,5,0.7746873453740742
30,2025-06-03,2026-06-15,2026-06-15,600887,伊利股份,食品饮料,7,0.5294115074294156
30,2025-06-03,2026-06-15,2026-06-15,002460,赣锋锂业,新能源,4,0.11270572311442059
30,2025-06-03,2026-06-15,2026-06-15,002415,海康威视,电子,6,0.4279353312662143
30,2025-06-03,2026-06-15,2026-06-15,000725,京东方A,电子,3,0.16786590912935961
30,2025-06-03,2026-06-15,2026-06-15,603501,韦尔股份,电子,6,0.6881662345415209
30,2025-06-03,2026-06-15,2026-06-15,002475,立讯精密,电子,5,0.43451403508601866
30,2025-06-03,2026-06-15,2026-06-15,601318,中国平安,非银金融,7,0.8352834863352877
30,2025-06-03,2026-06-15,2026-06-15,600030,中信证券,非银金融,8,0.7225978818830554
31,2025-07-01,2026-07-14,2026-07-14,000001,平安银行,银行,6,0.862743898212327
31,2025-07-01,2026-07-14,2026-07-14,600036,招商银行,银行,5,0.7342611466982633
31,2025-07-01,2026-07-14,2026-07-14,601398,工商银行,银行,6,0.9782599505004459
31,2025-07-01,2026-07-14,2026-07-14,601288,农业银行,银行,4,0.5854495269774084
31,2025-07-01,2026-07-14,2026-07-14,600519,贵州茅台,食品饮料,5,0.8586771250134388
31,2025-07-01,2026-07-14,2026-07-14,000858,五粮液,食品饮料,6,0.9468357482904199
31,2025-07-01,2026-07-14,2026-07-14,000568,泸州老窖,食品饮料,5,0.7793380717806289
31,2025-07-01,2026-07-14,2026-07-14,600887,伊利股份,食品饮料,6,0.5166310764827937
31,2025-07-01,2026-07-14,2026-07-14,002460,赣锋锂业,新能源,4,0.1905948426166932
31,2025-07-01,2026-07-14,2026-07-14,002415,海康威视,电子,5,0.5050023153095099
31,2025-07-01,2026-07-14,2026-07-14,000725,京东方A,电子,3,0.24886860339690636
31,2025-07-01,2026-07-14,2026-07-14,603501,韦尔股份,电子,6,0.6990869375152126
31,2025-07-01,2026-07-14,2026-07-14,002475,立讯精密,电子,4,0.4360315715341623
31,2025-07-01,2026-07-14,2026-07-14,601318,中国平安,非银金融,7,0.9001700611973068
31,2025-07-01,2026-07-14,2026-07-14,600030,中信证券,非银金融,8,0.6682234272898318
