window_id,window_start,network_date,edge_count,density,mean_abs_partial,median_abs_partial,total_abs_partial,same_edges,cross_edges,same_industry_ratio,cross_industry_ratio,mean_abs_partial_same,mean_abs_partial_cross,positive_edges,negative_edges,edge_count_change,common_edges,lost_edges,gained_edges,gross_edge_changes,jaccard,turnover,lost_same,gained_same,lost_cross,gained_cross,same_edge_changes,cross_edge_changes,cross_change_share,edge_count_z,density_z,mean_abs_partial_z,same_edges_z,cross_edges_z,same_industry_ratio_z,turnover_z,gross_edge_changes_z,high_turnover_z1,high_turnover_z1_5,high_gross_change_z1
1,2023-01-04,2024-01-16,52,0.49523809523809526,0.10278445395627199,0.05508464519379755,5.344791605726144,18,34,0.34615384615384615,0.6538461538461539,0.19723748431269084,0.05277990847346199,52,0,,,,,,,,,,,,,,,0.26721833051682975,0.26721833051682903,-1.5471908785811561,-0.5089438709451506,0.3256495829358838,-0.46062045027411447,,,False,False,False
2,2023-02-08,2024-02-21,51,0.4857142857142857,0.10695086063041571,0.0724822811087731,5.454493892151201,18,33,0.35294117647058826,0.6470588235294118,0.1975377773139065,0.05753981516669347,51,0,-1.0,46.0,6.0,5.0,11.0,0.8070175438596491,0.19298245614035092,0.0,0.0,6.0,5.0,0.0,11.0,1.0,0.09096794230360157,0.09096794230360038,-1.0434822634532424,-0.5089438709451506,0.15454556478313153,-0.32657823514949724,1.6434365343403903,1.8197448612917202,True,True,True
3,2023-03-08,2024-03-20,52,0.49523809523809526,0.10542784144798034,0.07148005296319254,5.482247755294978,18,34,0.34615384615384615,0.6538461538461539,0.19630110410865617,0.05731846709821076,52,0,1.0,47.0,4.0,5.0,9.0,0.8392857142857143,0.1607142857142857,0.0,0.0,4.0,5.0,0.0,9.0,1.0,0.26721833051682975,0.26721833051682903,-1.2276116447636818,-0.5089438709451506,0.3256495829358838,-0.46062045027411447,1.0765051468734423,1.184950142236469,True,False,True
4,2023-04-06,2024-04-19,51,0.4857142857142857,0.10827073555508328,0.068697413732943,5.5218075133092475,19,32,0.37254901960784315,0.6274509803921569,0.18305122895982898,0.06386981759601554,51,0,-1.0,49.0,3.0,2.0,5.0,0.9074074074074074,0.09259259259259256,0.0,1.0,3.0,1.0,1.0,4.0,0.8,0.09096794230360157,0.09096794230360038,-0.8839125376815752,0.8058277956631562,-0.016558453369620717,0.060654830766061665,-0.12035000444566799,-0.08463929587403347,False,False,False
5,2023-05-09,2024-05-22,55,0.5238095238095238,0.10157893837517454,0.0692980741270313,5.5868416106345995,18,37,0.32727272727272727,0.6727272727272727,0.18649525781401868,0.0602682964860071,55,0,4.0,49.0,2.0,6.0,8.0,0.8596491228070176,0.14035087719298245,1.0,0.0,1.0,6.0,1.0,7.0,0.875,0.7959694951565144,0.7959694951565138,-1.6929348328711,-0.5089438709451506,0.8389616373941405,-0.833501521438957,0.7187329120642042,0.8675527827088434,False,False,False
6,2023-06-06,2024-06-20,51,0.4857142857142857,0.11043653031773802,0.0802872862905601,5.632263046204639,18,33,0.35294117647058826,0.6470588235294118,0.18629505386621517,0.06905915383675047,51,0,-4.0,50.0,5.0,1.0,6.0,0.8928571428571429,0.1071428571428571,0.0,0.0,5.0,1.0,0.0,6.0,1.0,0.09096794230360157,0.09096794230360038,-0.6220731240404869,-0.5089438709451506,0.15454556478313153,-0.32657823514949724,0.13528895991375334,0.23275806365359214,False,False,False
7,2023-07-06,2024-07-18,51,0.4857142857142857,0.10987519397255241,0.0686494192322281,5.603634892600173,18,33,0.35294117647058826,0.6470588235294118,0.18352515679919376,0.06970248697620253,51,0,0.0,49.0,2.0,2.0,4.0,0.9245283018867925,0.07547169811320753,0.0,0.0,2.0,2.0,0.0,4.0,1.0,0.09096794230360157,0.09096794230360038,-0.6899373473792995,-0.5089438709451506,0.15454556478313153,-0.32657823514949724,-0.42115331413788587,-0.40203665540165906,False,False,False
8,2023-08-03,2024-08-15,53,0.5047619047619047,0.10816841709601675,0.0676287902973079,5.732926106088888,17,36,0.32075471698113206,0.6792452830188679,0.20402675581837507,0.06290197936601422,51,2,2.0,48.0,3.0,5.0,8.0,0.8571428571428571,0.1428571428571429,1.0,0.0,2.0,5.0,1.0,7.0,0.875,0.44346871873005794,0.4434687187300566,-0.8962825949873743,-1.8237155375534573,0.6678576192413883,-0.9622249659920197,0.7627664178868807,0.8675527827088434,False,False,False
9,2023-08-31,2024-09-12,54,0.5142857142857142,0.10561237319827929,0.07252236266448485,5.703068152707082,17,37,0.3148148148148148,0.6851851851851852,0.20474667324938486,0.06006418128290645,51,3,1.0,48.0,5.0,6.0,11.0,0.8135593220338984,0.18644067796610164,0.0,0.0,5.0,6.0,0.0,11.0,1.0,0.6197191069432861,0.6197191069432842,-1.205302196920519,-1.8237155375534573,0.8389616373941405,-1.0795314188741958,1.528501620837134,1.8197448612917202,True,True,True
10,2023-09-28,2024-10-21,55,0.5238095238095238,0.11355905293068218,0.0673525531767186,6.24574791118752,17,38,0.3090909090909091,0.6909090909090909,0.2121913894452965,0.06943406027940734,53,2,1.0,49.0,5.0,6.0,11.0,0.8166666666666667,0.18333333333333335,0.0,0.0,5.0,6.0,0.0,11.0,1.0,0.7959694951565144,0.7959694951565138,-0.2445675985159185,-1.8237155375534573,1.0100656555468928,-1.1925721825606574,1.4739075369230892,1.8197448612917202,True,False,True
11,2023-11-03,2024-11-18,56,0.5333333333333333,0.1121972537283819,0.06872555382667214,6.283046208789386,17,39,0.30357142857142855,0.6964285714285714,0.20796358230352102,0.07045295665716739,54,2,1.0,54.0,1.0,2.0,3.0,0.9473684210526315,0.052631578947368474,0.0,0.0,1.0,2.0,0.0,3.0,1.0,0.9722198833697425,0.9722198833697414,-0.4092058693140877,-1.8237155375534573,1.181169673699645,-1.3015757761154596,-0.8224397917294367,-0.7194340149292847,False,False,False
12,2023-12-01,2024-12-16,54,0.5142857142857142,0.11688296495428642,0.07377808323967411,6.311680107531466,17,37,0.3148148148148148,0.6851851851851852,0.20895660084691603,0.0745788619765917,53,1,-2.0,54.0,2.0,0.0,2.0,0.9642857142857143,0.0357142857142857,0.0,0.0,2.0,0.0,0.0,2.0,1.0,0.6197191069432861,0.6197191069432842,0.1572854257236827,-1.8237155375534573,0.8389616373941405,-1.0795314188741958,-1.1196659560324975,-1.0368313744569102,False,False,False
13,2023-12-29,2025-01-14,57,0.5428571428571428,0.11115851949940757,0.0700694911167504,6.336035611466231,19,38,0.3333333333333333,0.6666666666666666,0.1915030245646656,0.07098626696677855,56,1,3.0,53.0,1.0,4.0,5.0,0.9137931034482759,0.08620689655172409,0.0,2.0,1.0,2.0,2.0,3.0,0.6,1.1484702715829707,1.148470271582969,-0.5347863565021633,0.8058277956631562,1.0100656555468928,-0.7138113010650572,-0.23254265338083763,-0.08463929587403347,False,False,False
14,2024-01-29,2025-02-19,57,0.5428571428571428,0.11096084095951993,0.0629754556775309,6.324767934692636,19,38,0.3333333333333333,0.6666666666666666,0.19254987462290138,0.07016632412782921,56,1,0.0,56.0,1.0,1.0,2.0,0.9655172413793104,0.03448275862068961,0.0,0.0,1.0,1.0,0.0,2.0,1.0,1.1484702715829707,1.148470271582969,-0.5586852198045019,0.8058277956631562,1.0100656555468928,-0.7138113010650572,-1.1413031097557091,-1.0368313744569102,False,False,False
15,2024-03-05,2025-03-19,56,0.5333333333333333,0.11290404423178534,0.0656738709139877,6.322626476979979,19,37,0.3392857142857143,0.6607142857142857,0.19406463340017122,0.07122698492910069,55,1,-1.0,55.0,2.0,1.0,3.0,0.9482758620689655,0.051724137931034475,0.0,0.0,2.0,1.0,0.0,3.0,1.0,0.9722198833697425,0.9722198833697414,-0.32375658567494864,0.8058277956631562,0.8389616373941405,-0.596258406054976,-0.8383829576307513,-0.7194340149292847,False,False,False
16,2024-04-02,2025-04-17,54,0.5142857142857142,0.11809805082047672,0.0846585724216603,6.377294744305743,19,35,0.35185185185185186,0.6481481481481481,0.19610875063396896,0.07574938520743807,53,1,-2.0,54.0,2.0,0.0,2.0,0.9642857142857143,0.0357142857142857,0.0,0.0,2.0,0.0,0.0,2.0,1.0,0.6197191069432861,0.6197191069432842,0.30418640462200586,0.8058277956631562,0.49675360108863603,-0.3480911832559175,-1.1196659560324975,-1.0368313744569102,False,False,False
17,2024-05-07,2025-05-20,55,0.5238095238095238,0.11600089936532594,0.0777649517519126,6.3800494650929265,19,36,0.34545454545454546,0.6545454545454545,0.19716271575408276,0.07316549627125984,54,1,1.0,54.0,0.0,1.0,1.0,0.9818181818181818,0.018181818181818188,0.0,0.0,0.0,1.0,0.0,1.0,1.0,0.7959694951565144,0.7959694951565138,0.05064580289843763,0.8058277956631562,0.6678576192413883,-0.47443086031725656,-1.4277003444920315,-1.354228733984536,False,False,False
18,2024-06-04,2025-06-18,54,0.5142857142857142,0.11836331412202339,0.07492648128572721,6.391618962589263,19,35,0.35185185185185186,0.6481481481481481,0.19822144073586268,0.07501175967451065,53,1,-1.0,54.0,1.0,0.0,1.0,0.9818181818181818,0.018181818181818188,0.0,0.0,1.0,0.0,0.0,1.0,1.0,0.6197191069432861,0.6197191069432842,0.3362561041776281,0.8058277956631562,0.49675360108863603,-0.3480911832559175,-1.4277003444920315,-1.354228733984536,False,False,False
19,2024-07-03,2025-07-16,54,0.5142857142857142,0.11843953640571962,0.08473553887246674,6.39573496590886,19,35,0.35185185185185186,0.6481481481481481,0.20109696217321232,0.07356836241765216,54,0,0.0,53.0,1.0,1.0,2.0,0.9636363636363636,0.036363636363636376,0.0,0.0,1.0,1.0,0.0,2.0,1.0,0.6197191069432861,0.6197191069432842,0.34547119621383876,0.8058277956631562,0.49675360108863603,-0.3480911832559175,-1.10825727497844,-1.0368313744569102,False,False,False
20,2024-07-31,2025-08-13,55,0.5238095238095238,0.11611222008506973,0.0796553282792604,6.386172104678836,19,36,0.34545454545454546,0.6545454545454545,0.2008551816731779,0.07138676813579045,55,0,1.0,53.0,1.0,2.0,3.0,0.9464285714285714,0.0535714285714286,0.0,0.0,1.0,2.0,0.0,3.0,1.0,0.7959694951565144,0.7959694951565138,0.06410421201754057,0.8058277956631562,0.6678576192413883,-0.47443086031725656,-0.8059272270459338,-0.7194340149292847,False,False,False
21,2024-08-28,2025-09-10,54,0.5142857142857142,0.11760389675646446,0.07286258888252686,6.350610424849081,19,35,0.35185185185185186,0.6481481481481481,0.20017978906145906,0.07277698379089596,54,0,-1.0,54.0,1.0,0.0,1.0,0.9818181818181818,0.018181818181818188,0.0,0.0,1.0,0.0,0.0,1.0,1.0,0.6197191069432861,0.6197191069432842,0.2444443586071137,0.8058277956631562,0.49675360108863603,-0.3480911832559175,-1.4277003444920315,-1.354228733984536,False,False,False
22,2024-09-27,2025-10-16,54,0.5142857142857142,0.11529591985095282,0.070258724590038,6.225979671951452,19,35,0.35185185185185186,0.6481481481481481,0.19980911158754028,0.0694173300510911,53,1,0.0,51.0,3.0,3.0,6.0,0.8947368421052632,0.10526315789473684,0.0,0.0,3.0,3.0,0.0,6.0,1.0,0.6197191069432861,0.6197191069432842,-0.034584536492619326,0.8058277956631562,0.49675360108863603,-0.3480911832559175,0.10226383054674745,0.23275806365359214,False,False,False
23,2024-11-01,2025-11-13,44,0.41904761904761906,0.13105639823026427,0.1045287160386324,5.766481522131628,18,26,0.4090909090909091,0.5909090909090909,0.21651586998546188,0.071892148553589,44,0,-10.0,44.0,10.0,0.0,10.0,0.8148148148148148,0.18518518518518523,1.0,0.0,9.0,0.0,1.0,9.0,0.9,-1.1427847751889957,-1.142784775188997,1.8708196544767968,-0.5089438709451506,-1.0431825622861342,0.782316453608695,1.5064434051142888,1.5023475017640946,True,True,True
24,2024-11-29,2025-12-11,42,0.4,0.13305055897409815,0.09612314775830555,5.588123476912123,19,23,0.4523809523809524,0.5476190476190477,0.20345784211812018,0.07488802072468866,42,0,-2.0,40.0,4.0,2.0,6.0,0.8695652173913043,0.13043478260869568,0.0,1.0,4.0,1.0,1.0,5.0,0.8333333333333334,-1.4952855516154522,-1.495285551615453,2.11190892520322,0.8058277956631562,-1.556494616744391,1.6372465991365523,0.5445133890266627,0.23275806365359214,False,False,False
25,2024-12-27,2026-01-12,42,0.4,0.12990262490227825,0.0883235856268015,5.455910245895686,19,23,0.4523809523809524,0.5476190476190477,0.20055476693562474,0.07153781191820936,42,0,0.0,40.0,2.0,2.0,4.0,0.9090909090909091,0.09090909090909094,0.0,0.0,2.0,2.0,0.0,4.0,1.0,-1.4952855516154522,-1.495285551615453,1.731331214997757,0.8058277956631562,-1.556494616744391,1.6372465991365523,-0.14992806643766607,-0.40203665540165906,False,False,False
26,2025-01-27,2026-02-09,40,0.38095238095238093,0.13160719054452635,0.08651670649916124,5.264287621781054,18,22,0.45,0.55,0.20634564543506115,0.07045754563408875,40,0,-2.0,38.0,4.0,2.0,6.0,0.8636363636363636,0.13636363636363635,1.0,0.0,3.0,2.0,1.0,5.0,0.8333333333333334,-1.8477863280419085,-1.8477863280419105,1.9374091296621665,-0.5089438709451506,-1.7275986348971433,1.5902254411325205,0.6486796073463114,0.23275806365359214,False,False,False
27,2025-03-04,2026-03-17,44,0.41904761904761906,0.12196820294114859,0.0784135664232744,5.366600929410538,19,25,0.4318181818181818,0.5681818181818182,0.19703900912976852,0.06491439023779749,43,1,4.0,39.0,1.0,5.0,6.0,0.8666666666666667,0.1333333333333333,0.0,1.0,1.0,4.0,1.0,5.0,0.8333333333333334,-1.1427847751889957,-1.142784775188997,0.7720785518614799,0.8058277956631562,-1.2142865804388865,1.23115478001082,0.5954390957607125,0.23275806365359214,False,False,False
28,2025-04-01,2026-04-15,45,0.42857142857142855,0.12138222544507327,0.0755721360829693,5.462200145028297,19,26,0.4222222222222222,0.5777777777777777,0.19982783600504295,0.06405658695894162,44,1,1.0,42.0,2.0,3.0,5.0,0.8936170212765957,0.1063829787234043,0.0,0.0,2.0,3.0,0.0,5.0,1.0,-0.9665343869757675,-0.9665343869757693,0.7012352722373458,0.8058277956631562,-1.0431825622861342,1.0416452644188114,0.12193837570156074,-0.08463929587403347,False,False,False
29,2025-04-30,2026-05-18,42,0.4,0.1180814569252365,0.06404548390339546,4.959421190859933,19,23,0.4523809523809524,0.5476190476190477,0.18681622500319559,0.06130056155648769,40,2,-3.0,39.0,6.0,3.0,9.0,0.8125,0.1875,0.0,0.0,6.0,3.0,0.0,9.0,1.0,-1.4952855516154522,-1.495285551615453,0.302180242323231,0.8058277956631562,-1.556494616744391,1.6372465991365523,1.547113240353287,1.184950142236469,True,True,True
30,2025-06-03,2026-06-15,41,0.3904761904761905,0.11543382544381643,0.0707910245053045,4.7327868431964735,19,22,0.4634146341463415,0.5365853658536586,0.18303641123470504,0.05704977407895804,38,3,-1.0,39.0,3.0,2.0,5.0,0.8863636363636364,0.11363636363636365,0.0,0.0,3.0,2.0,0.0,5.0,1.0,-1.6715359398286804,-1.6715359398286818,-0.01791207971330105,0.8058277956631562,-1.7275986348971433,1.8551495264723117,0.24937577045432263,-0.08463929587403347,False,False,False
31,2025-07-01,2026-07-14,40,0.38095238095238093,0.12387717878519182,0.08857567716288015,4.955087151407673,18,22,0.45,0.55,0.2009944446113374,0.06078123401834545,36,4,-1.0,39.0,2.0,1.0,3.0,0.9285714285714286,0.0714285714285714,1.0,0.0,1.0,1.0,1.0,2.0,0.6666666666666666,-1.8477863280419085,-1.8477863280419105,1.0028691716737614,-0.5089438709451506,-1.7275986348971433,1.5902254411325205,-0.49218849805937204,-0.7194340149292847,False,False,False
