stock_1,stock_2,name_1,name_2,industry_1,industry_2,same_industry,industry_relation,persistence_before,core_before,always_before,mean_abs_partial_before,persistence_after,core_after,always_after,mean_abs_partial_after,delta_persistence,abs_delta_persistence,core_transition,regime_before,regime_after
002460,601288,赣锋锂业,农业银行,新能源,银行,False,Cross industry,0.0,False,False,,1.0,True,True,0.05344889773236072,1.0,1.0,Gained core,1,2
600030,600036,中信证券,招商银行,非银金融,银行,False,Cross industry,1.0,True,True,0.06599087666532231,0.0,False,False,,-1.0,1.0,Lost core,1,2
600030,603501,中信证券,韦尔股份,非银金融,电子,False,Cross industry,0.0,False,False,,1.0,True,True,0.12848244506855397,1.0,1.0,Gained core,1,2
600036,601288,招商银行,农业银行,银行,银行,True,Same industry,1.0,True,True,0.03253725491562753,0.0,False,False,,-1.0,1.0,Lost core,1,2
600036,600887,招商银行,伊利股份,银行,食品饮料,False,Cross industry,0.8571428571428571,True,False,0.08238680749119276,0.0,False,False,,-0.8571428571428571,0.8571428571428571,Lost core,1,2
000001,000725,平安银行,京东方A,银行,电子,False,Cross industry,0.0,False,False,,0.8,True,False,0.052247420712052434,0.8,0.8,Gained core,1,2
000568,603501,泸州老窖,韦尔股份,食品饮料,电子,False,Cross industry,0.0,False,False,,0.8,True,False,0.0175358446425426,0.8,0.8,Gained core,1,2
000725,600887,京东方A,伊利股份,电子,食品饮料,False,Cross industry,0.0,False,False,,0.8,True,False,0.0358023668295342,0.8,0.8,Gained core,1,2
002460,600887,赣锋锂业,伊利股份,新能源,食品饮料,False,Cross industry,0.0,False,False,,0.8,True,False,0.023106767221903326,0.8,0.8,Gained core,1,2
002415,600887,海康威视,伊利股份,电子,食品饮料,False,Cross industry,0.2857142857142857,False,False,0.024923904257263003,1.0,True,True,0.0820470916709439,0.7142857142857143,0.7142857142857143,Gained core,1,2
002460,601318,赣锋锂业,中国平安,新能源,非银金融,False,Cross industry,0.7142857142857143,False,False,0.0637700262183682,0.0,False,False,,-0.7142857142857143,0.7142857142857143,Non-core both,1,2
000858,600030,五粮液,中信证券,食品饮料,非银金融,False,Cross industry,0.14285714285714285,False,False,0.0008510970648317,0.8,True,False,0.035124080151283196,0.6571428571428573,0.6571428571428573,Gained core,1,2
000568,002415,泸州老窖,海康威视,食品饮料,电子,False,Cross industry,0.8571428571428571,True,False,0.00842151179678495,0.2,False,False,0.0036245227488263,-0.657142857142857,0.657142857142857,Lost core,1,2
000001,600030,平安银行,中信证券,银行,非银金融,False,Cross industry,1.0,True,True,0.13628111477074115,0.4,False,False,0.02529315469899555,-0.6,0.6,Lost core,1,2
000858,600036,五粮液,招商银行,食品饮料,银行,False,Cross industry,1.0,True,True,0.046824146498722956,0.4,False,False,0.0295044015327492,-0.6,0.6,Lost core,1,2
000001,601288,平安银行,农业银行,银行,银行,True,Same industry,0.0,False,False,,1.0,True,True,0.03472525662451857,1.0,1.0,Gained core,2,3
002475,601318,立讯精密,中国平安,电子,非银金融,False,Cross industry,0.0,False,False,,1.0,True,True,0.01711336615090666,1.0,1.0,Gained core,2,3
600036,601288,招商银行,农业银行,银行,银行,True,Same industry,0.0,False,False,,1.0,True,True,0.04377398255643,1.0,1.0,Gained core,2,3
002415,600519,海康威视,贵州茅台,电子,食品饮料,False,Cross industry,0.0,False,False,,0.9,True,False,0.040545541789730064,0.9,0.9,Gained core,2,3
000568,603501,泸州老窖,韦尔股份,食品饮料,电子,False,Cross industry,0.8,True,False,0.0175358446425426,0.1,False,False,0.0150214638988201,-0.7000000000000001,0.7000000000000001,Lost core,2,3
000858,002475,五粮液,立讯精密,食品饮料,电子,False,Cross industry,1.0,True,True,0.038122060170626415,0.3,False,False,0.048526588732868164,-0.7,0.7,Lost core,2,3
002475,600519,立讯精密,贵州茅台,电子,食品饮料,False,Cross industry,0.6,False,False,0.011153061314710734,0.0,False,False,,-0.6,0.6,Non-core both,2,3
002415,600887,海康威视,伊利股份,电子,食品饮料,False,Cross industry,1.0,True,True,0.0820470916709439,0.5,False,False,0.03553889431048142,-0.5,0.5,Lost core,2,3
601288,603501,农业银行,韦尔股份,银行,电子,False,Cross industry,0.6,False,False,0.005164820214519946,0.1,False,False,0.0132162714415103,-0.5,0.5,Non-core both,2,3
000568,002415,泸州老窖,海康威视,食品饮料,电子,False,Cross industry,0.2,False,False,0.0036245227488263,0.7,False,False,0.008726901789975428,0.49999999999999994,0.49999999999999994,Non-core both,2,3
000001,600030,平安银行,中信证券,银行,非银金融,False,Cross industry,0.4,False,False,0.02529315469899555,0.0,False,False,,-0.4,0.4,Non-core both,2,3
000725,600030,京东方A,中信证券,电子,非银金融,False,Cross industry,0.6,False,False,0.02098876112662393,1.0,True,True,0.08873474668808355,0.4,0.4,Gained core,2,3
000858,600036,五粮液,招商银行,食品饮料,银行,False,Cross industry,0.4,False,False,0.0295044015327492,0.0,False,False,,-0.4,0.4,Non-core both,2,3
002460,601288,赣锋锂业,农业银行,新能源,银行,False,Cross industry,1.0,True,True,0.05344889773236072,0.6,False,False,0.022678074498277686,-0.4,0.4,Lost core,2,3
002460,601398,赣锋锂业,工商银行,新能源,银行,False,Cross industry,0.4,False,False,0.01890502296589955,0.0,False,False,,-0.4,0.4,Non-core both,2,3
000568,002460,泸州老窖,赣锋锂业,食品饮料,新能源,False,Cross industry,1.0,True,True,0.06483999748148156,0.0,False,False,,-1.0,1.0,Lost core,3,4
000568,601318,泸州老窖,中国平安,食品饮料,非银金融,False,Cross industry,1.0,True,True,0.10154180125386322,0.0,False,False,,-1.0,1.0,Lost core,3,4
000725,600887,京东方A,伊利股份,电子,食品饮料,False,Cross industry,1.0,True,True,0.014616474823449938,0.0,False,False,,-1.0,1.0,Lost core,3,4
002475,601318,立讯精密,中国平安,电子,非银金融,False,Cross industry,1.0,True,True,0.01711336615090666,0.0,False,False,,-1.0,1.0,Lost core,3,4
002415,600519,海康威视,贵州茅台,电子,食品饮料,False,Cross industry,0.9,True,False,0.040545541789730064,0.0,False,False,,-0.9,0.9,Lost core,3,4
002460,600887,赣锋锂业,伊利股份,新能源,食品饮料,False,Cross industry,0.9,True,False,0.0381113088579623,0.0,False,False,,-0.9,0.9,Lost core,3,4
000001,000725,平安银行,京东方A,银行,电子,False,Cross industry,1.0,True,True,0.08788513288428491,0.25,False,False,0.0041892876900989,-0.75,0.75,Lost core,3,4
002415,601318,海康威视,中国平安,电子,非银金融,False,Cross industry,1.0,True,True,0.1333176584958487,0.25,False,False,0.0255732778046796,-0.75,0.75,Lost core,3,4
002460,603501,赣锋锂业,韦尔股份,新能源,电子,False,Cross industry,1.0,True,True,0.10529508998563838,0.25,False,False,0.024428524029738,-0.75,0.75,Lost core,3,4
002475,600030,立讯精密,中信证券,电子,非银金融,False,Cross industry,0.0,False,False,,0.75,False,False,0.0467892814349645,0.75,0.75,Non-core both,3,4
000568,002415,泸州老窖,海康威视,食品饮料,电子,False,Cross industry,0.7,False,False,0.008726901789975428,0.0,False,False,,-0.7,0.7,Non-core both,3,4
002460,601288,赣锋锂业,农业银行,新能源,银行,False,Cross industry,0.6,False,False,0.022678074498277686,0.0,False,False,,-0.6,0.6,Non-core both,3,4
600030,600887,中信证券,伊利股份,非银金融,食品饮料,False,Cross industry,0.8,True,False,0.0221218818216082,0.25,False,False,0.0086814351657599,-0.55,0.55,Lost core,3,4
000568,000725,泸州老窖,京东方A,食品饮料,电子,False,Cross industry,0.5,False,False,0.00345935542046516,0.0,False,False,,-0.5,0.5,Non-core both,3,4
000725,000858,京东方A,五粮液,电子,食品饮料,False,Cross industry,1.0,True,True,0.024916205959323888,0.5,False,False,0.00533120440126115,-0.5,0.5,Lost core,3,4
601398,603501,工商银行,韦尔股份,银行,电子,False,Cross industry,0.0,False,False,,1.0,True,True,0.03850907546314088,1.0,1.0,Gained core,4,5
000725,601318,京东方A,中国平安,电子,非银金融,False,Cross industry,1.0,True,True,0.029177004403033075,0.2,False,False,0.0149266963665887,-0.8,0.8,Lost core,4,5
000858,002460,五粮液,赣锋锂业,食品饮料,新能源,False,Cross industry,0.75,False,False,0.016843795642382964,0.0,False,False,,-0.75,0.75,Non-core both,4,5
000001,000568,平安银行,泸州老窖,银行,食品饮料,False,Cross industry,1.0,True,True,0.01825815737314185,0.4,False,False,0.0140200233378324,-0.6,0.6,Lost core,4,5
000568,601318,泸州老窖,中国平安,食品饮料,非银金融,False,Cross industry,0.0,False,False,,0.6,False,False,0.004364381743569933,0.6,0.6,Non-core both,4,5
002415,600887,海康威视,伊利股份,电子,食品饮料,False,Cross industry,0.0,False,False,,0.6,False,False,0.03212577770588703,0.6,0.6,Non-core both,4,5
600030,600519,中信证券,贵州茅台,非银金融,食品饮料,False,Cross industry,1.0,True,True,0.04857552111059913,0.4,False,False,0.03113319933655475,-0.6,0.6,Lost core,4,5
601288,603501,农业银行,韦尔股份,银行,电子,False,Cross industry,0.0,False,False,,0.6,False,False,0.05646861855087667,0.6,0.6,Non-core both,4,5
600030,600887,中信证券,伊利股份,非银金融,食品饮料,False,Cross industry,0.25,False,False,0.0086814351657599,0.8,True,False,0.0193807614818186,0.55,0.55,Gained core,4,5
000725,000858,京东方A,五粮液,电子,食品饮料,False,Cross industry,0.5,False,False,0.00533120440126115,0.0,False,False,,-0.5,0.5,Non-core both,4,5
002415,002475,海康威视,立讯精密,电子,电子,True,Same industry,0.5,False,False,0.007913159954969749,1.0,True,True,0.05816941533811917,0.5,0.5,Gained core,4,5
000725,002460,京东方A,赣锋锂业,电子,新能源,False,Cross industry,1.0,True,True,0.05933051348231896,0.6,False,False,0.05031961865621947,-0.4,0.4,Lost core,4,5
000725,600030,京东方A,中信证券,电子,非银金融,False,Cross industry,1.0,True,True,0.22444649960601024,0.6,False,False,0.1870500089283319,-0.4,0.4,Lost core,4,5
002460,601398,赣锋锂业,工商银行,新能源,银行,False,Cross industry,0.0,False,False,,0.4,False,False,0.02178923727756275,0.4,0.4,Non-core both,4,5
000001,000858,平安银行,五粮液,银行,食品饮料,False,Cross industry,0.75,False,False,0.0080972017715393,1.0,True,True,0.03256247170251852,0.25,0.25,Gained core,4,5
