window_id,window_start,window_end,network_date,code,name,industry,degree,strength,degree_rank,strength_rank,top_degree,top_strength
1,2023-01-04,2024-01-16,2024-01-16,000001,平安银行,银行,7,1.0568327516759315,7.0,1.0,False,True
1,2023-01-04,2024-01-16,2024-01-16,000568,泸州老窖,食品饮料,6,0.8783861603023622,10.0,5.0,False,True
1,2023-01-04,2024-01-16,2024-01-16,000725,京东方A,电子,6,0.5946273598186651,10.0,10.0,False,False
1,2023-01-04,2024-01-16,2024-01-16,000858,五粮液,食品饮料,8,1.0145725406990795,5.0,2.0,True,True
1,2023-01-04,2024-01-16,2024-01-16,002415,海康威视,电子,7,0.4551097152533986,7.0,14.0,False,False
1,2023-01-04,2024-01-16,2024-01-16,002460,赣锋锂业,新能源,6,0.2250627677005851,10.0,15.0,False,False
1,2023-01-04,2024-01-16,2024-01-16,002475,立讯精密,电子,5,0.4671820218239971,12.0,13.0,False,False
1,2023-01-04,2024-01-16,2024-01-16,600030,中信证券,非银金融,11,0.8039359743611552,1.5,6.0,True,False
1,2023-01-04,2024-01-16,2024-01-16,600036,招商银行,银行,9,0.9495504916289612,3.5,3.0,True,True
1,2023-01-04,2024-01-16,2024-01-16,600519,贵州茅台,食品饮料,7,0.8024615865322604,7.0,7.0,False,False
1,2023-01-04,2024-01-16,2024-01-16,600887,伊利股份,食品饮料,9,0.5851469533945904,3.5,11.0,True,False
1,2023-01-04,2024-01-16,2024-01-16,601288,农业银行,银行,4,0.6893879065599842,14.0,9.0,False,False
1,2023-01-04,2024-01-16,2024-01-16,601318,中国平安,非银金融,11,0.882625530437333,1.5,4.0,True,True
1,2023-01-04,2024-01-16,2024-01-16,601398,工商银行,银行,4,0.8009590974626529,14.0,8.0,False,False
1,2023-01-04,2024-01-16,2024-01-16,603501,韦尔股份,电子,4,0.4837423538013337,14.0,12.0,False,False
2,2023-02-08,2024-02-21,2024-02-21,000001,平安银行,银行,7,1.0106970231949746,7.0,2.0,False,True
2,2023-02-08,2024-02-21,2024-02-21,000568,泸州老窖,食品饮料,5,0.8560050546042127,11.5,5.0,False,True
2,2023-02-08,2024-02-21,2024-02-21,000725,京东方A,电子,7,0.6428354778466578,7.0,10.0,False,False
2,2023-02-08,2024-02-21,2024-02-21,000858,五粮液,食品饮料,11,1.0796471636284917,1.5,1.0,True,True
2,2023-02-08,2024-02-21,2024-02-21,002415,海康威视,电子,7,0.4711758936228267,7.0,14.0,False,False
2,2023-02-08,2024-02-21,2024-02-21,002460,赣锋锂业,新能源,7,0.2741234152636534,7.0,15.0,False,False
2,2023-02-08,2024-02-21,2024-02-21,002475,立讯精密,电子,5,0.4922125329382019,11.5,12.0,False,False
2,2023-02-08,2024-02-21,2024-02-21,600030,中信证券,非银金融,11,0.7835010646822631,1.5,7.0,True,False
2,2023-02-08,2024-02-21,2024-02-21,600036,招商银行,银行,9,0.9487083117961936,4.0,4.0,True,True
2,2023-02-08,2024-02-21,2024-02-21,600519,贵州茅台,食品饮料,6,0.7723267277001583,10.0,8.0,False,False
2,2023-02-08,2024-02-21,2024-02-21,600887,伊利股份,食品饮料,7,0.5899736674470784,7.0,11.0,False,False
2,2023-02-08,2024-02-21,2024-02-21,601288,农业银行,银行,3,0.7096280396473142,14.5,9.0,False,False
2,2023-02-08,2024-02-21,2024-02-21,601318,中国平安,非银金融,10,0.9863574774779712,3.0,3.0,True,True
2,2023-02-08,2024-02-21,2024-02-21,601398,工商银行,银行,4,0.8016322274894296,13.0,6.0,False,False
2,2023-02-08,2024-02-21,2024-02-21,603501,韦尔股份,电子,3,0.4901637069629799,14.5,13.0,False,False
3,2023-03-08,2024-03-20,2024-03-20,000001,平安银行,银行,8,1.010227043087826,5.0,2.0,True,True
3,2023-03-08,2024-03-20,2024-03-20,000568,泸州老窖,食品饮料,7,0.868035085310469,8.0,5.0,False,True
3,2023-03-08,2024-03-20,2024-03-20,000725,京东方A,电子,6,0.6562814335956983,10.5,10.0,False,False
3,2023-03-08,2024-03-20,2024-03-20,000858,五粮液,食品饮料,9,1.089475450683234,3.0,1.0,True,True
3,2023-03-08,2024-03-20,2024-03-20,002415,海康威视,电子,8,0.4800887540780742,5.0,14.0,True,False
3,2023-03-08,2024-03-20,2024-03-20,002460,赣锋锂业,新能源,7,0.3589859810622817,8.0,15.0,False,False
3,2023-03-08,2024-03-20,2024-03-20,002475,立讯精密,电子,4,0.5061722796481188,13.5,12.0,False,False
3,2023-03-08,2024-03-20,2024-03-20,600030,中信证券,非银金融,11,0.7448034439097944,1.5,8.0,True,False
3,2023-03-08,2024-03-20,2024-03-20,600036,招商银行,银行,8,0.9220456074189004,5.0,4.0,True,True
3,2023-03-08,2024-03-20,2024-03-20,600519,贵州茅台,食品饮料,6,0.7634731879143045,10.5,7.0,False,False
3,2023-03-08,2024-03-20,2024-03-20,600887,伊利股份,食品饮料,7,0.5684283259617683,8.0,11.0,False,False
3,2023-03-08,2024-03-20,2024-03-20,601288,农业银行,银行,4,0.7301275331004754,13.5,9.0,False,False
3,2023-03-08,2024-03-20,2024-03-20,601318,中国平安,非银金融,11,0.99254121272218,1.5,3.0,True,True
3,2023-03-08,2024-03-20,2024-03-20,601398,工商银行,银行,4,0.7933656673301801,13.5,6.0,False,False
3,2023-03-08,2024-03-20,2024-03-20,603501,韦尔股份,电子,4,0.4804445047666535,13.5,13.0,False,False
4,2023-04-06,2024-04-19,2024-04-19,000001,平安银行,银行,9,1.0405768963673456,3.5,2.0,True,True
4,2023-04-06,2024-04-19,2024-04-19,000568,泸州老窖,食品饮料,6,0.8587446431351036,10.5,5.0,False,True
4,2023-04-06,2024-04-19,2024-04-19,000725,京东方A,电子,7,0.6187727969139953,8.0,10.0,False,False
4,2023-04-06,2024-04-19,2024-04-19,000858,五粮液,食品饮料,10,1.1376165411251973,1.5,1.0,True,True
4,2023-04-06,2024-04-19,2024-04-19,002415,海康威视,电子,8,0.5033997146662775,5.5,12.0,False,False
4,2023-04-06,2024-04-19,2024-04-19,002460,赣锋锂业,新能源,7,0.456050055908746,8.0,15.0,False,False
4,2023-04-06,2024-04-19,2024-04-19,002475,立讯精密,电子,4,0.4604626830017689,13.0,14.0,False,False
4,2023-04-06,2024-04-19,2024-04-19,600030,中信证券,非银金融,9,0.7019401724083706,3.5,9.0,True,False
4,2023-04-06,2024-04-19,2024-04-19,600036,招商银行,银行,8,0.8886979588602111,5.5,4.0,False,True
4,2023-04-06,2024-04-19,2024-04-19,600519,贵州茅台,食品饮料,6,0.7722540793659425,10.5,7.0,False,False
4,2023-04-06,2024-04-19,2024-04-19,600887,伊利股份,食品饮料,7,0.5818372991399128,8.0,11.0,False,False
4,2023-04-06,2024-04-19,2024-04-19,601288,农业银行,银行,4,0.7196143300052065,13.0,8.0,False,False
4,2023-04-06,2024-04-19,2024-04-19,601318,中国平安,非银金融,10,1.0065026384110254,1.5,3.0,True,True
4,2023-04-06,2024-04-19,2024-04-19,601398,工商银行,银行,3,0.8083432927995381,15.0,6.0,False,False
4,2023-04-06,2024-04-19,2024-04-19,603501,韦尔股份,电子,4,0.4888019245098596,13.0,13.0,False,False
5,2023-05-09,2024-05-22,2024-05-22,000001,平安银行,银行,8,0.951408317534958,7.5,3.0,False,True
5,2023-05-09,2024-05-22,2024-05-22,000568,泸州老窖,食品饮料,7,0.8742842063698033,10.5,5.0,False,True
5,2023-05-09,2024-05-22,2024-05-22,000725,京东方A,电子,7,0.5503555498588076,10.5,10.0,False,False
5,2023-05-09,2024-05-22,2024-05-22,000858,五粮液,食品饮料,10,1.1674420192038546,2.0,2.0,True,True
5,2023-05-09,2024-05-22,2024-05-22,002415,海康威视,电子,9,0.523501108243614,5.0,12.0,True,False
5,2023-05-09,2024-05-22,2024-05-22,002460,赣锋锂业,新能源,10,0.50806595202772,2.0,13.0,True,False
5,2023-05-09,2024-05-22,2024-05-22,002475,立讯精密,电子,7,0.4984545809974633,10.5,15.0,False,False
5,2023-05-09,2024-05-22,2024-05-22,600030,中信证券,非银金融,9,0.6846422620948397,5.0,9.0,True,False
5,2023-05-09,2024-05-22,2024-05-22,600036,招商银行,银行,9,0.9056293594267112,5.0,4.0,True,True
5,2023-05-09,2024-05-22,2024-05-22,600519,贵州茅台,食品饮料,7,0.7883782668373512,10.5,6.0,False,False
5,2023-05-09,2024-05-22,2024-05-22,600887,伊利股份,食品饮料,8,0.5462520283319499,7.5,11.0,False,False
5,2023-05-09,2024-05-22,2024-05-22,601288,农业银行,银行,2,0.6975346687646096,15.0,8.0,False,False
5,2023-05-09,2024-05-22,2024-05-22,601318,中国平安,非银金融,10,1.19407906473418,2.0,1.0,True,True
5,2023-05-09,2024-05-22,2024-05-22,601398,工商银行,银行,3,0.7820036696447975,14.0,7.0,False,False
5,2023-05-09,2024-05-22,2024-05-22,603501,韦尔股份,电子,4,0.5016521671985417,13.0,14.0,False,False
6,2023-06-06,2024-06-20,2024-06-20,000001,平安银行,银行,8,0.92312456089106,5.5,3.0,False,True
6,2023-06-06,2024-06-20,2024-06-20,000568,泸州老窖,食品饮料,7,0.873107462007799,9.0,5.0,False,True
6,2023-06-06,2024-06-20,2024-06-20,000725,京东方A,电子,6,0.5715700996986831,11.0,10.0,False,False
6,2023-06-06,2024-06-20,2024-06-20,000858,五粮液,食品饮料,10,1.1817775442447684,1.0,2.0,True,True
6,2023-06-06,2024-06-20,2024-06-20,002415,海康威视,电子,8,0.5661245485139478,5.5,11.0,False,False
6,2023-06-06,2024-06-20,2024-06-20,002460,赣锋锂业,新能源,8,0.5497065703407504,5.5,12.0,False,False
6,2023-06-06,2024-06-20,2024-06-20,002475,立讯精密,电子,6,0.4723586813189173,11.0,15.0,False,False
6,2023-06-06,2024-06-20,2024-06-20,600030,中信证券,非银金融,8,0.7238704811597523,5.5,8.0,False,False
6,2023-06-06,2024-06-20,2024-06-20,600036,招商银行,银行,8,0.9018010817731484,5.5,4.0,False,True
6,2023-06-06,2024-06-20,2024-06-20,600519,贵州茅台,食品饮料,6,0.7591922511313662,11.0,7.0,False,False
6,2023-06-06,2024-06-20,2024-06-20,600887,伊利股份,食品饮料,8,0.5276418583395048,5.5,14.0,False,False
6,2023-06-06,2024-06-20,2024-06-20,601288,农业银行,银行,3,0.6932717352706789,14.5,9.0,False,False
6,2023-06-06,2024-06-20,2024-06-20,601318,中国平安,非银金融,9,1.1982854918543988,2.0,1.0,True,True
6,2023-06-06,2024-06-20,2024-06-20,601398,工商银行,银行,3,0.7770155721070171,14.5,6.0,False,False
6,2023-06-06,2024-06-20,2024-06-20,603501,韦尔股份,电子,4,0.5456781537574901,13.0,13.0,False,False
7,2023-07-06,2024-07-18,2024-07-18,000001,平安银行,银行,8,0.9124050167389476,6.0,3.0,False,True
7,2023-07-06,2024-07-18,2024-07-18,000568,泸州老窖,食品饮料,8,0.8870543117210321,6.0,4.0,False,True
7,2023-07-06,2024-07-18,2024-07-18,000725,京东方A,电子,6,0.5529404715470903,11.0,11.0,False,False
7,2023-07-06,2024-07-18,2024-07-18,000858,五粮液,食品饮料,10,1.19927136615557,1.0,1.0,True,True
7,2023-07-06,2024-07-18,2024-07-18,002415,海康威视,电子,9,0.688171236622266,3.0,9.0,True,False
7,2023-07-06,2024-07-18,2024-07-18,002460,赣锋锂业,新能源,8,0.5482675039370699,6.0,12.0,False,False
7,2023-07-06,2024-07-18,2024-07-18,002475,立讯精密,电子,6,0.4678820553566444,11.0,15.0,False,False
7,2023-07-06,2024-07-18,2024-07-18,600030,中信证券,非银金融,9,0.7324832506864943,3.0,8.0,True,False
7,2023-07-06,2024-07-18,2024-07-18,600036,招商银行,银行,7,0.8677610358240483,8.5,5.0,False,True
7,2023-07-06,2024-07-18,2024-07-18,600519,贵州茅台,食品饮料,6,0.7387377985651802,11.0,7.0,False,False
7,2023-07-06,2024-07-18,2024-07-18,600887,伊利股份,食品饮料,7,0.5188514033701653,8.5,13.0,False,False
7,2023-07-06,2024-07-18,2024-07-18,601288,农业银行,银行,2,0.6596960744475064,15.0,10.0,False,False
7,2023-07-06,2024-07-18,2024-07-18,601318,中国平安,非银金融,9,1.135259487627601,3.0,2.0,True,True
7,2023-07-06,2024-07-18,2024-07-18,601398,工商银行,银行,3,0.8013324511503763,14.0,6.0,False,False
7,2023-07-06,2024-07-18,2024-07-18,603501,韦尔股份,电子,4,0.497156321450355,13.0,14.0,False,False
8,2023-08-03,2024-08-15,2024-08-15,000001,平安银行,银行,7,0.8423167808082819,8.5,4.0,False,True
8,2023-08-03,2024-08-15,2024-08-15,000568,泸州老窖,食品饮料,8,0.8987750143273722,7.0,3.0,False,True
8,2023-08-03,2024-08-15,2024-08-15,000725,京东方A,电子,7,0.6470022662278387,8.5,11.0,False,False
8,2023-08-03,2024-08-15,2024-08-15,000858,五粮液,食品饮料,10,1.170133042141436,1.0,1.0,True,True
8,2023-08-03,2024-08-15,2024-08-15,002415,海康威视,电子,9,0.72190594248468,4.0,9.0,True,False
8,2023-08-03,2024-08-15,2024-08-15,002460,赣锋锂业,新能源,9,0.6349186332584178,4.0,12.0,True,False
8,2023-08-03,2024-08-15,2024-08-15,002475,立讯精密,电子,6,0.4902657972629056,11.0,15.0,False,False
8,2023-08-03,2024-08-15,2024-08-15,600030,中信证券,非银金融,9,0.7446820687832876,4.0,8.0,True,False
8,2023-08-03,2024-08-15,2024-08-15,600036,招商银行,银行,5,0.8309647219304757,13.0,5.0,False,True
8,2023-08-03,2024-08-15,2024-08-15,600519,贵州茅台,食品饮料,6,0.782908422430106,11.0,7.0,False,False
8,2023-08-03,2024-08-15,2024-08-15,600887,伊利股份,食品饮料,9,0.5795484862297071,4.0,13.0,True,False
8,2023-08-03,2024-08-15,2024-08-15,601288,农业银行,银行,2,0.6842616776825728,15.0,10.0,False,False
8,2023-08-03,2024-08-15,2024-08-15,601318,中国平安,非银金融,9,1.051968900020552,4.0,2.0,True,True
8,2023-08-03,2024-08-15,2024-08-15,601398,工商银行,银行,4,0.8124957486046193,14.0,6.0,False,False
8,2023-08-03,2024-08-15,2024-08-15,603501,韦尔股份,电子,6,0.5737047099855289,11.0,14.0,False,False
9,2023-08-31,2024-09-12,2024-09-12,000001,平安银行,银行,8,0.7894570330390615,6.0,6.0,False,False
9,2023-08-31,2024-09-12,2024-09-12,000568,泸州老窖,食品饮料,8,0.9478426535143304,6.0,3.0,False,True
9,2023-08-31,2024-09-12,2024-09-12,000725,京东方A,电子,8,0.5612113442657636,6.0,13.0,False,False
9,2023-08-31,2024-09-12,2024-09-12,000858,五粮液,食品饮料,11,1.2000488864625125,1.5,1.0,True,True
9,2023-08-31,2024-09-12,2024-09-12,002415,海康威视,电子,8,0.767769017195558,6.0,9.0,False,False
9,2023-08-31,2024-09-12,2024-09-12,002460,赣锋锂业,新能源,9,0.6101945656311734,3.0,12.0,True,False
9,2023-08-31,2024-09-12,2024-09-12,002475,立讯精密,电子,5,0.4619448862614512,12.5,15.0,False,False
9,2023-08-31,2024-09-12,2024-09-12,600030,中信证券,非银金融,11,0.8228455151199736,1.5,4.0,True,True
9,2023-08-31,2024-09-12,2024-09-12,600036,招商银行,银行,5,0.7937051174538418,12.5,5.0,False,True
9,2023-08-31,2024-09-12,2024-09-12,600519,贵州茅台,食品饮料,6,0.789303894267715,11.0,7.0,False,False
9,2023-08-31,2024-09-12,2024-09-12,600887,伊利股份,食品饮料,7,0.5408686544932833,9.5,14.0,False,False
9,2023-08-31,2024-09-12,2024-09-12,601288,农业银行,银行,3,0.7251288883313016,15.0,10.0,False,False
9,2023-08-31,2024-09-12,2024-09-12,601318,中国平安,非银金融,8,0.9711720429048948,6.0,2.0,False,True
9,2023-08-31,2024-09-12,2024-09-12,601398,工商银行,银行,4,0.7828857180728933,14.0,8.0,False,False
9,2023-08-31,2024-09-12,2024-09-12,603501,韦尔股份,电子,7,0.6417580884004145,9.5,11.0,False,False
10,2023-09-28,2024-10-21,2024-10-21,000001,平安银行,银行,8,0.8957693784531082,7.5,5.0,False,True
10,2023-09-28,2024-10-21,2024-10-21,000568,泸州老窖,食品饮料,9,1.0148036697229872,4.0,3.0,True,True
10,2023-09-28,2024-10-21,2024-10-21,000725,京东方A,电子,8,0.7416873045066178,7.5,10.0,False,False
10,2023-09-28,2024-10-21,2024-10-21,000858,五粮液,食品饮料,10,1.2421802284879866,1.5,1.0,True,True
10,2023-09-28,2024-10-21,2024-10-21,002415,海康威视,电子,8,0.9110947094566416,7.5,4.0,False,True
10,2023-09-28,2024-10-21,2024-10-21,002460,赣锋锂业,新能源,10,0.7154936629721276,1.5,12.0,True,False
10,2023-09-28,2024-10-21,2024-10-21,002475,立讯精密,电子,6,0.5188527096111394,12.0,15.0,False,False
10,2023-09-28,2024-10-21,2024-10-21,600030,中信证券,非银金融,8,0.6499834503815308,7.5,14.0,False,False
10,2023-09-28,2024-10-21,2024-10-21,600036,招商银行,银行,5,0.835551117912754,13.0,7.0,False,False
10,2023-09-28,2024-10-21,2024-10-21,600519,贵州茅台,食品饮料,7,0.8493661726321255,10.5,6.0,False,False
10,2023-09-28,2024-10-21,2024-10-21,600887,伊利股份,食品饮料,9,0.7240231638778731,4.0,11.0,True,False
10,2023-09-28,2024-10-21,2024-10-21,601288,农业银行,银行,3,0.708950351472356,14.5,13.0,False,False
10,2023-09-28,2024-10-21,2024-10-21,601318,中国平安,非银金融,9,1.075195122342762,4.0,2.0,True,True
10,2023-09-28,2024-10-21,2024-10-21,601398,工商银行,银行,3,0.8209576830841798,14.5,8.0,False,False
10,2023-09-28,2024-10-21,2024-10-21,603501,韦尔股份,电子,7,0.7875870974608533,10.5,9.0,False,False
11,2023-11-03,2024-11-18,2024-11-18,000001,平安银行,银行,7,0.8905365233058427,10.0,6.0,False,False
11,2023-11-03,2024-11-18,2024-11-18,000568,泸州老窖,食品饮料,10,1.016741904062043,2.0,3.0,True,True
11,2023-11-03,2024-11-18,2024-11-18,000725,京东方A,电子,10,0.694283248140021,2.0,13.0,True,False
11,2023-11-03,2024-11-18,2024-11-18,000858,五粮液,食品饮料,10,1.183081721398035,2.0,1.0,True,True
11,2023-11-03,2024-11-18,2024-11-18,002415,海康威视,电子,8,0.935986371078163,8.0,4.0,False,True
11,2023-11-03,2024-11-18,2024-11-18,002460,赣锋锂业,新能源,9,0.7380479278845641,5.5,11.0,False,False
11,2023-11-03,2024-11-18,2024-11-18,002475,立讯精密,电子,6,0.4956468308449061,12.0,15.0,False,False
11,2023-11-03,2024-11-18,2024-11-18,600030,中信证券,非银金融,9,0.6582333405851343,5.5,14.0,False,False
11,2023-11-03,2024-11-18,2024-11-18,600036,招商银行,银行,5,0.8400052635939967,13.0,7.0,False,False
11,2023-11-03,2024-11-18,2024-11-18,600519,贵州茅台,食品饮料,7,0.9257980351187196,10.0,5.0,False,True
11,2023-11-03,2024-11-18,2024-11-18,600887,伊利股份,食品饮料,9,0.759625666972996,5.5,10.0,False,False
11,2023-11-03,2024-11-18,2024-11-18,601288,农业银行,银行,3,0.7210365476930404,14.5,12.0,False,False
11,2023-11-03,2024-11-18,2024-11-18,601318,中国平安,非银金融,9,1.066562699308193,5.5,2.0,False,True
11,2023-11-03,2024-11-18,2024-11-18,601398,工商银行,银行,3,0.8320761837282697,14.5,8.0,False,False
11,2023-11-03,2024-11-18,2024-11-18,603501,韦尔股份,电子,7,0.8084301538648524,10.0,9.0,False,False
12,2023-12-01,2024-12-16,2024-12-16,000001,平安银行,银行,7,0.8851503788209706,9.5,6.0,False,False
12,2023-12-01,2024-12-16,2024-12-16,000568,泸州老窖,食品饮料,9,1.0267390534791174,5.0,3.0,True,True
12,2023-12-01,2024-12-16,2024-12-16,000725,京东方A,电子,10,0.6940159251270054,1.5,12.0,True,False
12,2023-12-01,2024-12-16,2024-12-16,000858,五粮液,食品饮料,10,1.1896215871632498,1.5,1.0,True,True
12,2023-12-01,2024-12-16,2024-12-16,002415,海康威视,电子,8,0.9344637885923964,8.0,4.0,False,True
12,2023-12-01,2024-12-16,2024-12-16,002460,赣锋锂业,新能源,9,0.6811013378367317,5.0,13.0,True,False
12,2023-12-01,2024-12-16,2024-12-16,002475,立讯精密,电子,6,0.4923477521582698,11.5,15.0,False,False
12,2023-12-01,2024-12-16,2024-12-16,600030,中信证券,非银金融,9,0.6703027020945224,5.0,14.0,True,False
12,2023-12-01,2024-12-16,2024-12-16,600036,招商银行,银行,4,0.8494227167174616,13.0,8.0,False,False
12,2023-12-01,2024-12-16,2024-12-16,600519,贵州茅台,食品饮料,7,0.9232075280222066,9.5,5.0,False,True
12,2023-12-01,2024-12-16,2024-12-16,600887,伊利股份,食品饮料,9,0.7671833905589369,5.0,10.0,True,False
12,2023-12-01,2024-12-16,2024-12-16,601288,农业银行,银行,2,0.7206782686932794,15.0,11.0,False,False
12,2023-12-01,2024-12-16,2024-12-16,601318,中国平安,非银金融,9,1.0885219355561766,5.0,2.0,True,True
12,2023-12-01,2024-12-16,2024-12-16,601398,工商银行,银行,3,0.8417182406002608,14.0,9.0,False,False
12,2023-12-01,2024-12-16,2024-12-16,603501,韦尔股份,电子,6,0.8588856096423497,11.5,7.0,False,False
13,2023-12-29,2025-01-14,2025-01-14,000001,平安银行,银行,8,0.894746823100022,9.0,6.0,False,False
13,2023-12-29,2025-01-14,2025-01-14,000568,泸州老窖,食品饮料,10,1.025053193920589,2.5,3.0,True,True
13,2023-12-29,2025-01-14,2025-01-14,000725,京东方A,电子,10,0.7258512893728025,2.5,11.0,True,False
13,2023-12-29,2025-01-14,2025-01-14,000858,五粮液,食品饮料,10,1.1847038811542911,2.5,1.0,True,True
13,2023-12-29,2025-01-14,2025-01-14,002415,海康威视,电子,9,0.9602675054062274,6.5,4.0,False,True
13,2023-12-29,2025-01-14,2025-01-14,002460,赣锋锂业,新能源,9,0.668821808776942,6.5,14.0,False,False
13,2023-12-29,2025-01-14,2025-01-14,002475,立讯精密,电子,6,0.5131609279812746,11.0,15.0,False,False
13,2023-12-29,2025-01-14,2025-01-14,600030,中信证券,非银金融,9,0.6937025516687525,6.5,13.0,False,False
13,2023-12-29,2025-01-14,2025-01-14,600036,招商银行,银行,5,0.84978733815677,13.0,8.0,False,False
13,2023-12-29,2025-01-14,2025-01-14,600519,贵州茅台,食品饮料,6,0.90491608661532,11.0,5.0,False,True
13,2023-12-29,2025-01-14,2025-01-14,600887,伊利股份,食品饮料,9,0.7401845425064734,6.5,10.0,False,False
13,2023-12-29,2025-01-14,2025-01-14,601288,农业银行,银行,4,0.7089234498045407,14.0,12.0,False,False
13,2023-12-29,2025-01-14,2025-01-14,601318,中国平安,非银金融,10,1.0842523144880711,2.5,2.0,True,True
13,2023-12-29,2025-01-14,2025-01-14,601398,工商银行,银行,3,0.848181070697625,15.0,9.0,False,False
13,2023-12-29,2025-01-14,2025-01-14,603501,韦尔股份,电子,6,0.8695184392827655,11.0,7.0,False,False
14,2024-01-29,2025-02-19,2025-02-19,000001,平安银行,银行,8,0.8886978408181412,9.0,6.0,False,False
14,2024-01-29,2025-02-19,2025-02-19,000568,泸州老窖,食品饮料,9,1.0172796792616017,6.5,3.0,False,True
14,2024-01-29,2025-02-19,2025-02-19,000725,京东方A,电子,10,0.7401806785016165,2.5,10.0,True,False
14,2024-01-29,2025-02-19,2025-02-19,000858,五粮液,食品饮料,10,1.1761141948061506,2.5,1.0,True,True
14,2024-01-29,2025-02-19,2025-02-19,002415,海康威视,电子,10,0.9275771100410554,2.5,4.0,True,True
14,2024-01-29,2025-02-19,2025-02-19,002460,赣锋锂业,新能源,9,0.6834128406544482,6.5,14.0,False,False
14,2024-01-29,2025-02-19,2025-02-19,002475,立讯精密,电子,6,0.5460443216327815,11.0,15.0,False,False
14,2024-01-29,2025-02-19,2025-02-19,600030,中信证券,非银金融,9,0.7216520190179632,6.5,11.0,False,False
14,2024-01-29,2025-02-19,2025-02-19,600036,招商银行,银行,5,0.8637559188183216,12.5,7.0,False,False
14,2024-01-29,2025-02-19,2025-02-19,600519,贵州茅台,食品饮料,7,0.9220671584318796,10.0,5.0,False,True
14,2024-01-29,2025-02-19,2025-02-19,600887,伊利股份,食品饮料,9,0.7129772432492415,6.5,13.0,False,False
14,2024-01-29,2025-02-19,2025-02-19,601288,农业银行,银行,4,0.7187154696172668,14.0,12.0,False,False
14,2024-01-29,2025-02-19,2025-02-19,601318,中国平安,非银金融,10,1.0886675532908046,2.5,2.0,True,True
14,2024-01-29,2025-02-19,2025-02-19,601398,工商银行,银行,3,0.8500077940651896,15.0,8.0,False,False
14,2024-01-29,2025-02-19,2025-02-19,603501,韦尔股份,电子,5,0.7923860471788157,12.5,9.0,False,False
15,2024-03-05,2025-03-19,2025-03-19,000001,平安银行,银行,9,0.9129009274136364,5.5,5.0,False,True
15,2024-03-05,2025-03-19,2025-03-19,000568,泸州老窖,食品饮料,7,0.9703300120289974,10.0,3.0,False,True
15,2024-03-05,2025-03-19,2025-03-19,000725,京东方A,电子,9,0.7476469594654971,5.5,10.0,False,False
15,2024-03-05,2025-03-19,2025-03-19,000858,五粮液,食品饮料,10,1.1647097333035827,1.5,1.0,True,True
15,2024-03-05,2025-03-19,2025-03-19,002415,海康威视,电子,9,0.8789720841047525,5.5,6.0,False,False
15,2024-03-05,2025-03-19,2025-03-19,002460,赣锋锂业,新能源,9,0.6790324811007639,5.5,14.0,False,False
15,2024-03-05,2025-03-19,2025-03-19,002475,立讯精密,电子,7,0.5396199614632055,10.0,15.0,False,False
15,2024-03-05,2025-03-19,2025-03-19,600030,中信证券,非银金融,9,0.74254658387908,5.5,11.0,False,False
15,2024-03-05,2025-03-19,2025-03-19,600036,招商银行,银行,5,0.8426088347199279,12.5,8.0,False,False
15,2024-03-05,2025-03-19,2025-03-19,600519,贵州茅台,食品饮料,7,0.9312050583838132,10.0,4.0,False,True
15,2024-03-05,2025-03-19,2025-03-19,600887,伊利股份,食品饮料,9,0.7354056960816377,5.5,13.0,False,False
15,2024-03-05,2025-03-19,2025-03-19,601288,农业银行,银行,4,0.7401030625669517,14.0,12.0,False,False
15,2024-03-05,2025-03-19,2025-03-19,601318,中国平安,非银金融,10,1.118198727955363,1.5,2.0,True,True
15,2024-03-05,2025-03-19,2025-03-19,601398,工商银行,银行,3,0.8506634322351256,15.0,7.0,False,False
15,2024-03-05,2025-03-19,2025-03-19,603501,韦尔股份,电子,5,0.7913093992576264,12.5,9.0,False,False
16,2024-04-02,2025-04-17,2025-04-17,000001,平安银行,银行,8,0.9410464168487356,8.0,4.0,False,True
16,2024-04-02,2025-04-17,2025-04-17,000568,泸州老窖,食品饮料,7,0.9923595007000554,9.5,3.0,False,True
16,2024-04-02,2025-04-17,2025-04-17,000725,京东方A,电子,9,0.8121825928241067,4.5,10.0,True,False
16,2024-04-02,2025-04-17,2025-04-17,000858,五粮液,食品饮料,9,1.1333412218418826,4.5,2.0,True,True
16,2024-04-02,2025-04-17,2025-04-17,002415,海康威视,电子,9,0.885359109565271,4.5,6.0,True,False
16,2024-04-02,2025-04-17,2025-04-17,002460,赣锋锂业,新能源,9,0.6580852477975984,4.5,14.0,True,False
16,2024-04-02,2025-04-17,2025-04-17,002475,立讯精密,电子,5,0.5844524504414514,12.0,15.0,False,False
16,2024-04-02,2025-04-17,2025-04-17,600030,中信证券,非银金融,9,0.7830267516531028,4.5,11.0,True,False
16,2024-04-02,2025-04-17,2025-04-17,600036,招商银行,银行,5,0.8187094846410636,12.0,9.0,False,False
16,2024-04-02,2025-04-17,2025-04-17,600519,贵州茅台,食品饮料,7,0.9251718857801918,9.5,5.0,False,True
16,2024-04-02,2025-04-17,2025-04-17,600887,伊利股份,食品饮料,9,0.7061162233342034,4.5,13.0,True,False
16,2024-04-02,2025-04-17,2025-04-17,601288,农业银行,银行,4,0.7189980648404147,14.0,12.0,False,False
16,2024-04-02,2025-04-17,2025-04-17,601318,中国平安,非银金融,10,1.139467394265378,1.0,1.0,True,True
16,2024-04-02,2025-04-17,2025-04-17,601398,工商银行,银行,3,0.8357391627445044,15.0,7.0,False,False
16,2024-04-02,2025-04-17,2025-04-17,603501,韦尔股份,电子,5,0.8205339813335282,12.0,8.0,False,False
17,2024-05-07,2025-05-20,2025-05-20,000001,平安银行,银行,8,0.9467603259863184,8.5,4.0,False,True
17,2024-05-07,2025-05-20,2025-05-20,000568,泸州老窖,食品饮料,8,1.009241999038062,8.5,3.0,False,True
17,2024-05-07,2025-05-20,2025-05-20,000725,京东方A,电子,9,0.8416825615603496,5.0,8.0,True,False
17,2024-05-07,2025-05-20,2025-05-20,000858,五粮液,食品饮料,9,1.1384591611049322,5.0,1.0,True,True
17,2024-05-07,2025-05-20,2025-05-20,002415,海康威视,电子,10,0.8972484405635454,1.5,6.0,True,False
17,2024-05-07,2025-05-20,2025-05-20,002460,赣锋锂业,新能源,9,0.6758499856448079,5.0,14.0,True,False
17,2024-05-07,2025-05-20,2025-05-20,002475,立讯精密,电子,5,0.5553223732510763,12.0,15.0,False,False
17,2024-05-07,2025-05-20,2025-05-20,600030,中信证券,非银金融,9,0.7945461218939155,5.0,10.0,True,False
17,2024-05-07,2025-05-20,2025-05-20,600036,招商银行,银行,5,0.8258751648551677,12.0,9.0,False,False
17,2024-05-07,2025-05-20,2025-05-20,600519,贵州茅台,食品饮料,7,0.92709473640007,10.0,5.0,False,True
17,2024-05-07,2025-05-20,2025-05-20,600887,伊利股份,食品饮料,9,0.6840727125755028,5.0,13.0,True,False
17,2024-05-07,2025-05-20,2025-05-20,601288,农业银行,银行,4,0.716385936616695,14.0,12.0,False,False
17,2024-05-07,2025-05-20,2025-05-20,601318,中国平安,非银金融,10,1.106554715211522,1.5,2.0,True,True
17,2024-05-07,2025-05-20,2025-05-20,601398,工商银行,银行,3,0.8492583797814883,15.0,7.0,False,False
17,2024-05-07,2025-05-20,2025-05-20,603501,韦尔股份,电子,5,0.7917463157024034,12.0,11.0,False,False
18,2024-06-04,2025-06-18,2025-06-18,000001,平安银行,银行,8,0.9226938250988208,8.0,5.0,False,True
18,2024-06-04,2025-06-18,2025-06-18,000568,泸州老窖,食品饮料,8,1.0156918143437177,8.0,3.0,False,True
18,2024-06-04,2025-06-18,2025-06-18,000725,京东方A,电子,9,0.8646093428395639,4.0,7.0,True,False
18,2024-06-04,2025-06-18,2025-06-18,000858,五粮液,食品饮料,9,1.129677449874828,4.0,1.0,True,True
18,2024-06-04,2025-06-18,2025-06-18,002415,海康威视,电子,9,0.8910227905587127,4.0,6.0,True,False
18,2024-06-04,2025-06-18,2025-06-18,002460,赣锋锂业,新能源,9,0.6705640907955126,4.0,14.0,True,False
18,2024-06-04,2025-06-18,2025-06-18,002475,立讯精密,电子,5,0.5656711815701001,12.0,15.0,False,False
18,2024-06-04,2025-06-18,2025-06-18,600030,中信证券,非银金融,9,0.7853102778826551,4.0,11.0,True,False
18,2024-06-04,2025-06-18,2025-06-18,600036,招商银行,银行,5,0.8329573476724896,12.0,9.0,False,False
18,2024-06-04,2025-06-18,2025-06-18,600519,贵州茅台,食品饮料,7,0.9428103385893004,10.0,4.0,False,True
18,2024-06-04,2025-06-18,2025-06-18,600887,伊利股份,食品饮料,8,0.6818226337356392,8.0,13.0,False,False
18,2024-06-04,2025-06-18,2025-06-18,601288,农业银行,银行,4,0.7302912852487953,14.0,12.0,False,False
18,2024-06-04,2025-06-18,2025-06-18,601318,中国平安,非银金融,10,1.1099628234281007,1.0,2.0,True,True
18,2024-06-04,2025-06-18,2025-06-18,601398,工商银行,银行,3,0.8395172905433974,15.0,8.0,False,False
18,2024-06-04,2025-06-18,2025-06-18,603501,韦尔股份,电子,5,0.8006354329968989,12.0,10.0,False,False
19,2024-07-03,2025-07-16,2025-07-16,000001,平安银行,银行,9,0.8909575653112584,4.0,6.0,True,False
19,2024-07-03,2025-07-16,2025-07-16,000568,泸州老窖,食品饮料,8,1.0051564789804064,8.5,3.0,False,True
19,2024-07-03,2025-07-16,2025-07-16,000725,京东方A,电子,9,0.8667630412331897,4.0,7.0,True,False
19,2024-07-03,2025-07-16,2025-07-16,000858,五粮液,食品饮料,9,1.125771227683002,4.0,1.0,True,True
19,2024-07-03,2025-07-16,2025-07-16,002415,海康威视,电子,9,0.9306608799632972,4.0,5.0,True,True
19,2024-07-03,2025-07-16,2025-07-16,002460,赣锋锂业,新能源,8,0.6441568168315193,8.5,14.0,False,False
19,2024-07-03,2025-07-16,2025-07-16,002475,立讯精密,电子,5,0.5726632699933936,12.0,15.0,False,False
19,2024-07-03,2025-07-16,2025-07-16,600030,中信证券,非银金融,9,0.7724230639638942,4.0,11.0,True,False
19,2024-07-03,2025-07-16,2025-07-16,600036,招商银行,银行,5,0.842500774864587,12.0,8.0,False,False
19,2024-07-03,2025-07-16,2025-07-16,600519,贵州茅台,食品饮料,8,0.9875417951957052,8.5,4.0,False,True
19,2024-07-03,2025-07-16,2025-07-16,600887,伊利股份,食品饮料,8,0.678082070962826,8.5,13.0,False,False
19,2024-07-03,2025-07-16,2025-07-16,601288,农业银行,银行,3,0.7418240786631224,14.5,12.0,False,False
19,2024-07-03,2025-07-16,2025-07-16,601318,中国平安,非银金融,10,1.102336825431832,1.0,2.0,True,True
19,2024-07-03,2025-07-16,2025-07-16,601398,工商银行,银行,3,0.8276072208183468,14.5,9.0,False,False
19,2024-07-03,2025-07-16,2025-07-16,603501,韦尔股份,电子,5,0.8030248219213446,12.0,10.0,False,False
20,2024-07-31,2025-08-13,2025-08-13,000001,平安银行,银行,8,0.890163165781248,9.0,6.0,False,False
20,2024-07-31,2025-08-13,2025-08-13,000568,泸州老窖,食品饮料,9,1.0041317939629892,5.0,3.0,True,True
20,2024-07-31,2025-08-13,2025-08-13,000725,京东方A,电子,10,0.9185320128374496,1.5,5.0,True,True
20,2024-07-31,2025-08-13,2025-08-13,000858,五粮液,食品饮料,9,1.1251537739707265,5.0,2.0,True,True
20,2024-07-31,2025-08-13,2025-08-13,002415,海康威视,电子,9,0.8751971881479395,5.0,7.0,True,False
20,2024-07-31,2025-08-13,2025-08-13,002460,赣锋锂业,新能源,9,0.6173049125917068,5.0,14.0,True,False
20,2024-07-31,2025-08-13,2025-08-13,002475,立讯精密,电子,5,0.5886470119122255,12.0,15.0,False,False
20,2024-07-31,2025-08-13,2025-08-13,600030,中信证券,非银金融,9,0.7708186865518069,5.0,11.0,True,False
20,2024-07-31,2025-08-13,2025-08-13,600036,招商银行,银行,5,0.8277978724789337,12.0,9.0,False,False
20,2024-07-31,2025-08-13,2025-08-13,600519,贵州茅台,食品饮料,8,0.9787591127797832,9.0,4.0,False,True
20,2024-07-31,2025-08-13,2025-08-13,600887,伊利股份,食品饮料,8,0.6727357118570033,9.0,13.0,False,False
20,2024-07-31,2025-08-13,2025-08-13,601288,农业银行,银行,3,0.724633290862711,14.5,12.0,False,False
20,2024-07-31,2025-08-13,2025-08-13,601318,中国平安,非银金融,10,1.1416910384725272,1.5,1.0,True,True
20,2024-07-31,2025-08-13,2025-08-13,601398,工商银行,银行,3,0.8295879492940232,14.5,8.0,False,False
20,2024-07-31,2025-08-13,2025-08-13,603501,韦尔股份,电子,5,0.8071906878566041,12.0,10.0,False,False
21,2024-08-28,2025-09-10,2025-09-10,000001,平安银行,银行,8,0.8762944182439895,8.0,7.0,False,False
21,2024-08-28,2025-09-10,2025-09-10,000568,泸州老窖,食品饮料,9,0.9990816343184746,4.5,3.0,True,True
21,2024-08-28,2025-09-10,2025-09-10,000725,京东方A,电子,10,0.90244759840526,1.5,6.0,True,False
21,2024-08-28,2025-09-10,2025-09-10,000858,五粮液,食品饮料,9,1.1547194455391951,4.5,1.0,True,True
21,2024-08-28,2025-09-10,2025-09-10,002415,海康威视,电子,9,0.9026151940244052,4.5,5.0,True,True
21,2024-08-28,2025-09-10,2025-09-10,002460,赣锋锂业,新能源,9,0.5992852925529121,4.5,14.0,True,False
21,2024-08-28,2025-09-10,2025-09-10,002475,立讯精密,电子,5,0.5864523485936407,12.0,15.0,False,False
21,2024-08-28,2025-09-10,2025-09-10,600030,中信证券,非银金融,8,0.7372851484664642,8.0,11.0,False,False
21,2024-08-28,2025-09-10,2025-09-10,600036,招商银行,银行,5,0.8359891774595816,12.0,9.0,False,False
21,2024-08-28,2025-09-10,2025-09-10,600519,贵州茅台,食品饮料,8,0.9701238657761386,8.0,4.0,False,True
21,2024-08-28,2025-09-10,2025-09-10,600887,伊利股份,食品饮料,7,0.6628201887446034,10.0,13.0,False,False
21,2024-08-28,2025-09-10,2025-09-10,601288,农业银行,银行,3,0.6763362475742889,14.5,12.0,False,False
21,2024-08-28,2025-09-10,2025-09-10,601318,中国平安,非银金融,10,1.1445475402996823,1.5,2.0,True,True
21,2024-08-28,2025-09-10,2025-09-10,601398,工商银行,银行,3,0.8521870292745011,14.5,8.0,False,False
21,2024-08-28,2025-09-10,2025-09-10,603501,韦尔股份,电子,5,0.8010357204250291,12.0,10.0,False,False
22,2024-09-27,2025-10-16,2025-10-16,000001,平安银行,银行,8,0.8789739652080433,6.5,6.0,False,False
22,2024-09-27,2025-10-16,2025-10-16,000568,泸州老窖,食品饮料,9,0.9472168229739708,3.5,5.0,True,True
22,2024-09-27,2025-10-16,2025-10-16,000725,京东方A,电子,11,1.0215589504422162,1.0,3.0,True,True
22,2024-09-27,2025-10-16,2025-10-16,000858,五粮液,食品饮料,9,1.1706821370743106,3.5,1.0,True,True
22,2024-09-27,2025-10-16,2025-10-16,002415,海康威视,电子,8,0.8290213835555711,6.5,8.0,False,False
22,2024-09-27,2025-10-16,2025-10-16,002460,赣锋锂业,新能源,7,0.5152270961712078,9.0,15.0,False,False
22,2024-09-27,2025-10-16,2025-10-16,002475,立讯精密,电子,5,0.5424679561790933,13.0,14.0,False,False
22,2024-09-27,2025-10-16,2025-10-16,600030,中信证券,非银金融,8,0.6789941279355889,6.5,12.0,False,False
22,2024-09-27,2025-10-16,2025-10-16,600036,招商银行,银行,6,0.8562779532921231,11.0,7.0,False,False
22,2024-09-27,2025-10-16,2025-10-16,600519,贵州茅台,食品饮料,8,0.9495275322202724,6.5,4.0,False,True
22,2024-09-27,2025-10-16,2025-10-16,600887,伊利股份,食品饮料,6,0.6144781069294457,11.0,13.0,False,False
22,2024-09-27,2025-10-16,2025-10-16,601288,农业银行,银行,4,0.712910312265469,14.0,11.0,False,False
22,2024-09-27,2025-10-16,2025-10-16,601318,中国平安,非银金融,10,1.1546896134855618,2.0,2.0,True,True
22,2024-09-27,2025-10-16,2025-10-16,601398,工商银行,银行,3,0.7908920339476374,15.0,9.0,False,False
22,2024-09-27,2025-10-16,2025-10-16,603501,韦尔股份,电子,6,0.7890413522223986,11.0,10.0,False,False
23,2024-11-01,2025-11-13,2025-11-13,000001,平安银行,银行,8,0.7262531897380753,3.5,9.0,True,False
23,2024-11-01,2025-11-13,2025-11-13,000568,泸州老窖,食品饮料,5,0.8011798399618885,10.5,8.0,False,False
23,2024-11-01,2025-11-13,2025-11-13,000725,京东方A,电子,8,0.9255807728036448,3.5,5.0,True,True
23,2024-11-01,2025-11-13,2025-11-13,000858,五粮液,食品饮料,9,1.114845715009816,1.0,1.0,True,True
23,2024-11-01,2025-11-13,2025-11-13,002415,海康威视,电子,6,0.6422900593479702,7.0,12.0,False,False
23,2024-11-01,2025-11-13,2025-11-13,002460,赣锋锂业,新能源,6,0.3327221906198723,7.0,15.0,False,False
23,2024-11-01,2025-11-13,2025-11-13,002475,立讯精密,电子,3,0.5099624743989156,14.0,13.0,False,False
23,2024-11-01,2025-11-13,2025-11-13,600030,中信证券,非银金融,8,0.9473936693352883,3.5,4.0,True,True
23,2024-11-01,2025-11-13,2025-11-13,600036,招商银行,银行,5,0.8028816041031269,10.5,7.0,False,False
23,2024-11-01,2025-11-13,2025-11-13,600519,贵州茅台,食品饮料,6,0.9828249771628668,7.0,3.0,False,True
23,2024-11-01,2025-11-13,2025-11-13,600887,伊利股份,食品饮料,5,0.5055899427848213,10.5,14.0,False,False
23,2024-11-01,2025-11-13,2025-11-13,601288,农业银行,银行,3,0.6445184255763997,14.0,11.0,False,False
23,2024-11-01,2025-11-13,2025-11-13,601318,中国平安,非银金融,8,1.072080971148813,3.5,2.0,True,True
23,2024-11-01,2025-11-13,2025-11-13,601398,工商银行,银行,3,0.8499008721376032,14.0,6.0,False,False
23,2024-11-01,2025-11-13,2025-11-13,603501,韦尔股份,电子,5,0.6749383401341569,10.5,10.0,False,False
24,2024-11-29,2025-12-11,2025-12-11,000001,平安银行,银行,6,0.6988137062773254,6.0,9.0,False,False
24,2024-11-29,2025-12-11,2025-12-11,000568,泸州老窖,食品饮料,5,0.7612179913669003,10.0,8.0,False,False
24,2024-11-29,2025-12-11,2025-12-11,000725,京东方A,电子,7,0.8444006666388004,3.5,6.0,True,False
24,2024-11-29,2025-12-11,2025-12-11,000858,五粮液,食品饮料,8,1.117894161370473,2.0,1.0,True,True
24,2024-11-29,2025-12-11,2025-12-11,002415,海康威视,电子,6,0.5621854546562639,6.0,12.0,False,False
24,2024-11-29,2025-12-11,2025-12-11,002460,赣锋锂业,新能源,5,0.3268713189809866,10.0,15.0,False,False
24,2024-11-29,2025-12-11,2025-12-11,002475,立讯精密,电子,5,0.5454486920988607,10.0,13.0,False,False
24,2024-11-29,2025-12-11,2025-12-11,600030,中信证券,非银金融,9,1.0677582992938175,1.0,2.0,True,True
24,2024-11-29,2025-12-11,2025-12-11,600036,招商银行,银行,5,0.7927417533327226,10.0,7.0,False,False
24,2024-11-29,2025-12-11,2025-12-11,600519,贵州茅台,食品饮料,6,0.9604405909203204,6.0,4.0,False,True
24,2024-11-29,2025-12-11,2025-12-11,600887,伊利股份,食品饮料,5,0.4560629095214242,10.0,14.0,False,False
24,2024-11-29,2025-12-11,2025-12-11,601288,农业银行,银行,3,0.6278683796377375,14.5,10.0,False,False
24,2024-11-29,2025-12-11,2025-12-11,601318,中国平安,非银金融,7,0.9608321454184292,3.5,3.0,True,True
24,2024-11-29,2025-12-11,2025-12-11,601398,工商银行,银行,3,0.8471163088934177,14.5,5.0,False,True
24,2024-11-29,2025-12-11,2025-12-11,603501,韦尔股份,电子,4,0.6065945754167685,13.0,11.0,False,False
25,2024-12-27,2026-01-12,2026-01-12,000001,平安银行,银行,7,0.6693800919847014,4.0,9.0,True,False
25,2024-12-27,2026-01-12,2026-01-12,000568,泸州老窖,食品饮料,4,0.7366123382625844,12.5,8.0,False,False
25,2024-12-27,2026-01-12,2026-01-12,000725,京东方A,电子,6,0.755832518577619,7.0,6.0,False,False
25,2024-12-27,2026-01-12,2026-01-12,000858,五粮液,食品饮料,8,1.107497278652724,1.5,1.0,True,True
25,2024-12-27,2026-01-12,2026-01-12,002415,海康威视,电子,6,0.5895549146038211,7.0,12.0,False,False
25,2024-12-27,2026-01-12,2026-01-12,002460,赣锋锂业,新能源,6,0.342753603538763,7.0,15.0,False,False
25,2024-12-27,2026-01-12,2026-01-12,002475,立讯精密,电子,5,0.5369038425895849,10.0,13.0,False,False
25,2024-12-27,2026-01-12,2026-01-12,600030,中信证券,非银金融,8,1.0982402307734886,1.5,2.0,True,True
25,2024-12-27,2026-01-12,2026-01-12,600036,招商银行,银行,5,0.7372070460601781,10.0,7.0,False,False
25,2024-12-27,2026-01-12,2026-01-12,600519,贵州茅台,食品饮料,7,0.9712694611614556,4.0,3.0,True,True
25,2024-12-27,2026-01-12,2026-01-12,600887,伊利股份,食品饮料,5,0.4091994097783246,10.0,14.0,False,False
25,2024-12-27,2026-01-12,2026-01-12,601288,农业银行,银行,3,0.6101965592132023,14.5,10.0,False,False
25,2024-12-27,2026-01-12,2026-01-12,601318,中国平安,非银金融,7,0.8907744248624008,4.0,4.0,True,True
25,2024-12-27,2026-01-12,2026-01-12,601398,工商银行,银行,3,0.8514288545040268,14.5,5.0,False,True
25,2024-12-27,2026-01-12,2026-01-12,603501,韦尔股份,电子,4,0.6049699172285004,12.5,11.0,False,False
26,2025-01-27,2026-02-09,2026-02-09,000001,平安银行,银行,7,0.6262040952285264,2.5,9.0,True,False
26,2025-01-27,2026-02-09,2026-02-09,000568,泸州老窖,食品饮料,5,0.7465512697259988,8.5,7.0,False,False
26,2025-01-27,2026-02-09,2026-02-09,000725,京东方A,电子,6,0.6668369220246946,5.5,8.0,False,False
26,2025-01-27,2026-02-09,2026-02-09,000858,五粮液,食品饮料,6,1.0539911662211223,5.5,2.0,False,True
26,2025-01-27,2026-02-09,2026-02-09,002415,海康威视,电子,4,0.5223006319209429,11.5,12.0,False,False
26,2025-01-27,2026-02-09,2026-02-09,002460,赣锋锂业,新能源,4,0.2979065715838828,11.5,15.0,False,False
26,2025-01-27,2026-02-09,2026-02-09,002475,立讯精密,电子,4,0.4868540418914995,11.5,13.0,False,False
26,2025-01-27,2026-02-09,2026-02-09,600030,中信证券,非银金融,10,1.0564245910686871,1.0,1.0,True,True
26,2025-01-27,2026-02-09,2026-02-09,600036,招商银行,银行,5,0.7747281995219619,8.5,6.0,False,False
26,2025-01-27,2026-02-09,2026-02-09,600519,贵州茅台,食品饮料,6,0.9802397182372972,5.5,3.0,False,True
26,2025-01-27,2026-02-09,2026-02-09,600887,伊利股份,食品饮料,6,0.4403494999172692,5.5,14.0,False,False
26,2025-01-27,2026-02-09,2026-02-09,601288,农业银行,银行,3,0.585516241502748,14.5,10.0,False,False
26,2025-01-27,2026-02-09,2026-02-09,601318,中国平安,非银金融,7,0.8744808615299898,2.5,4.0,True,True
26,2025-01-27,2026-02-09,2026-02-09,601398,工商银行,银行,3,0.8519566524054911,14.5,5.0,False,True
26,2025-01-27,2026-02-09,2026-02-09,603501,韦尔股份,电子,4,0.5642347807819994,11.5,11.0,False,False
27,2025-03-04,2026-03-17,2026-03-17,000001,平安银行,银行,8,0.6535356453243394,2.0,10.0,True,False
27,2025-03-04,2026-03-17,2026-03-17,000568,泸州老窖,食品饮料,5,0.7651542435069889,11.0,7.0,False,False
27,2025-03-04,2026-03-17,2026-03-17,000725,京东方A,电子,5,0.6717166403540128,11.0,9.0,False,False
27,2025-03-04,2026-03-17,2026-03-17,000858,五粮液,食品饮料,7,1.0490824185897798,3.0,2.0,True,True
27,2025-03-04,2026-03-17,2026-03-17,002415,海康威视,电子,6,0.5324218874538135,6.0,12.0,False,False
27,2025-03-04,2026-03-17,2026-03-17,002460,赣锋锂业,新能源,5,0.3011334332952041,11.0,15.0,False,False
27,2025-03-04,2026-03-17,2026-03-17,002475,立讯精密,电子,5,0.5024124798825668,11.0,13.0,False,False
27,2025-03-04,2026-03-17,2026-03-17,600030,中信证券,非银金融,11,1.051596948396979,1.0,1.0,True,True
27,2025-03-04,2026-03-17,2026-03-17,600036,招商银行,银行,5,0.7706618077890992,11.0,6.0,False,False
27,2025-03-04,2026-03-17,2026-03-17,600519,贵州茅台,食品饮料,6,0.95375849167068,6.0,3.0,False,True
27,2025-03-04,2026-03-17,2026-03-17,600887,伊利股份,食品饮料,6,0.4602890898372319,6.0,14.0,False,False
27,2025-03-04,2026-03-17,2026-03-17,601288,农业银行,银行,3,0.5740273300518601,15.0,11.0,False,False
27,2025-03-04,2026-03-17,2026-03-17,601318,中国平安,非银金融,6,0.8732397770937688,6.0,5.0,False,True
27,2025-03-04,2026-03-17,2026-03-17,601398,工商银行,银行,4,0.8898492610808791,14.0,4.0,False,True
27,2025-03-04,2026-03-17,2026-03-17,603501,韦尔股份,电子,6,0.684322404493877,6.0,8.0,False,False
28,2025-04-01,2026-04-15,2026-04-15,000001,平安银行,银行,8,0.8326857633658192,2.0,6.0,True,False
28,2025-04-01,2026-04-15,2026-04-15,000568,泸州老窖,食品饮料,5,0.8116537624625634,11.5,7.0,False,False
28,2025-04-01,2026-04-15,2026-04-15,000725,京东方A,电子,7,0.7085314540334039,4.0,9.0,True,False
28,2025-04-01,2026-04-15,2026-04-15,000858,五粮液,食品饮料,7,1.0415581116601795,4.0,1.0,True,True
28,2025-04-01,2026-04-15,2026-04-15,002415,海康威视,电子,7,0.6314104285106054,4.0,11.0,True,False
28,2025-04-01,2026-04-15,2026-04-15,002460,赣锋锂业,新能源,5,0.2649798770786762,11.5,15.0,False,False
28,2025-04-01,2026-04-15,2026-04-15,002475,立讯精密,电子,5,0.5185661702961752,11.5,13.0,False,False
28,2025-04-01,2026-04-15,2026-04-15,600030,中信证券,非银金融,10,1.0211428915656702,1.0,2.0,True,True
28,2025-04-01,2026-04-15,2026-04-15,600036,招商银行,银行,5,0.7989078181329851,11.5,8.0,False,False
28,2025-04-01,2026-04-15,2026-04-15,600519,贵州茅台,食品饮料,6,0.8769537588369137,7.5,3.0,False,True
28,2025-04-01,2026-04-15,2026-04-15,600887,伊利股份,食品饮料,6,0.4291681135134004,7.5,14.0,False,False
28,2025-04-01,2026-04-15,2026-04-15,601288,农业银行,银行,3,0.5879095243832165,15.0,12.0,False,False
28,2025-04-01,2026-04-15,2026-04-15,601318,中国平安,非银金融,6,0.8435178355467103,7.5,5.0,False,True
28,2025-04-01,2026-04-15,2026-04-15,601398,工商银行,银行,4,0.8653098438204418,14.0,4.0,False,True
28,2025-04-01,2026-04-15,2026-04-15,603501,韦尔股份,电子,6,0.6921049368498379,7.5,10.0,False,False
29,2025-04-30,2026-05-18,2026-05-18,000001,平安银行,银行,6,0.69624901767141,6.0,8.0,False,False
29,2025-04-30,2026-05-18,2026-05-18,000568,泸州老窖,食品饮料,5,0.8247941572959798,10.0,5.0,False,True
29,2025-04-30,2026-05-18,2026-05-18,000725,京东方A,电子,5,0.52904706603396,10.0,11.0,False,False
29,2025-04-30,2026-05-18,2026-05-18,000858,五粮液,食品饮料,7,0.916560159751046,3.0,1.0,True,True
29,2025-04-30,2026-05-18,2026-05-18,002415,海康威视,电子,7,0.4879848551359222,3.0,13.0,True,False
29,2025-04-30,2026-05-18,2026-05-18,002460,赣锋锂业,新能源,4,0.1321923776881752,14.0,15.0,False,False
29,2025-04-30,2026-05-18,2026-05-18,002475,立讯精密,电子,5,0.4998268650662779,10.0,12.0,False,False
29,2025-04-30,2026-05-18,2026-05-18,600030,中信证券,非银金融,8,0.8897105284174053,1.0,3.0,True,True
29,2025-04-30,2026-05-18,2026-05-18,600036,招商银行,银行,5,0.7391101902896262,10.0,7.0,False,False
29,2025-04-30,2026-05-18,2026-05-18,600519,贵州茅台,食品饮料,5,0.8089274329141208,10.0,6.0,False,False
29,2025-04-30,2026-05-18,2026-05-18,600887,伊利股份,食品饮料,6,0.3930767697086023,6.0,14.0,False,False
29,2025-04-30,2026-05-18,2026-05-18,601288,农业银行,银行,4,0.5751324750724994,14.0,10.0,False,False
29,2025-04-30,2026-05-18,2026-05-18,601318,中国平安,非银金融,7,0.8595135225982071,3.0,4.0,True,True
29,2025-04-30,2026-05-18,2026-05-18,601398,工商银行,银行,4,0.901029190368672,14.0,2.0,False,True
29,2025-04-30,2026-05-18,2026-05-18,603501,韦尔股份,电子,6,0.665687773707966,6.0,9.0,False,False
30,2025-06-03,2026-06-15,2026-06-15,000001,平安银行,银行,6,0.7821370985312756,5.5,5.0,False,True
30,2025-06-03,2026-06-15,2026-06-15,000568,泸州老窖,食品饮料,5,0.7746873453740742,10.0,6.0,False,False
30,2025-06-03,2026-06-15,2026-06-15,000725,京东方A,电子,3,0.1678659091293596,15.0,14.0,False,False
30,2025-06-03,2026-06-15,2026-06-15,000858,五粮液,食品饮料,6,0.9382650292722098,5.5,2.0,False,True
30,2025-06-03,2026-06-15,2026-06-15,002415,海康威视,电子,6,0.4279353312662143,5.5,13.0,False,False
30,2025-06-03,2026-06-15,2026-06-15,002460,赣锋锂业,新能源,4,0.1127057231144205,13.5,15.0,False,False
30,2025-06-03,2026-06-15,2026-06-15,002475,立讯精密,电子,5,0.4345140350860186,10.0,12.0,False,False
30,2025-06-03,2026-06-15,2026-06-15,600030,中信证券,非银金融,8,0.7225978818830554,1.0,8.0,True,False
30,2025-06-03,2026-06-15,2026-06-15,600036,招商银行,银行,5,0.7278416938501333,10.0,7.0,False,False
30,2025-06-03,2026-06-15,2026-06-15,600519,贵州茅台,食品饮料,5,0.823398743807554,10.0,4.0,False,True
30,2025-06-03,2026-06-15,2026-06-15,600887,伊利股份,食品饮料,7,0.5294115074294156,2.5,11.0,True,False
30,2025-06-03,2026-06-15,2026-06-15,601288,农业银行,银行,4,0.5609286251224285,13.5,10.0,False,False
30,2025-06-03,2026-06-15,2026-06-15,601318,中国平安,非银金融,7,0.8352834863352877,2.5,3.0,True,True
30,2025-06-03,2026-06-15,2026-06-15,601398,工商银行,银行,5,0.9398350416499812,10.0,1.0,False,True
30,2025-06-03,2026-06-15,2026-06-15,603501,韦尔股份,电子,6,0.6881662345415209,5.5,9.0,False,False
31,2025-07-01,2026-07-14,2026-07-14,000001,平安银行,银行,6,0.862743898212327,5.0,4.0,True,True
31,2025-07-01,2026-07-14,2026-07-14,000568,泸州老窖,食品饮料,5,0.7793380717806289,9.5,6.0,False,False
31,2025-07-01,2026-07-14,2026-07-14,000725,京东方A,电子,3,0.2488686033969063,15.0,14.0,False,False
31,2025-07-01,2026-07-14,2026-07-14,000858,五粮液,食品饮料,6,0.94683574829042,5.0,2.0,True,True
31,2025-07-01,2026-07-14,2026-07-14,002415,海康威视,电子,5,0.5050023153095099,9.5,12.0,False,False
31,2025-07-01,2026-07-14,2026-07-14,002460,赣锋锂业,新能源,4,0.1905948426166932,13.0,15.0,False,False
31,2025-07-01,2026-07-14,2026-07-14,002475,立讯精密,电子,4,0.4360315715341623,13.0,13.0,False,False
31,2025-07-01,2026-07-14,2026-07-14,600030,中信证券,非银金融,8,0.6682234272898318,1.0,9.0,True,False
31,2025-07-01,2026-07-14,2026-07-14,600036,招商银行,银行,5,0.7342611466982633,9.5,7.0,False,False
31,2025-07-01,2026-07-14,2026-07-14,600519,贵州茅台,食品饮料,5,0.8586771250134388,9.5,5.0,False,True
31,2025-07-01,2026-07-14,2026-07-14,600887,伊利股份,食品饮料,6,0.5166310764827937,5.0,11.0,True,False
31,2025-07-01,2026-07-14,2026-07-14,601288,农业银行,银行,4,0.5854495269774084,13.0,10.0,False,False
31,2025-07-01,2026-07-14,2026-07-14,601318,中国平安,非银金融,7,0.9001700611973068,2.0,3.0,True,True
31,2025-07-01,2026-07-14,2026-07-14,601398,工商银行,银行,6,0.978259950500446,5.0,1.0,True,True
31,2025-07-01,2026-07-14,2026-07-14,603501,韦尔股份,电子,6,0.6990869375152126,5.0,8.0,True,False
